source_endpoint,shopify_order_id,order_number,email,contact_email,phone,financial_status,fulfillment_status,total_price,currency,created_at,browser_ip,customer_id,shipping_name,shipping_address1,shipping_address2,shipping_city,shipping_province,shipping_zip,shipping_country,shipping_phone,billing_name,billing_address1,billing_address2,billing_city,billing_province,billing_zip,billing_country,billing_phone,payment_method,numero_identificacion,condicion_fiscal,payment_id,shipment_type,shipment_tracking_url,note_attributes_json
shopify-get-orders,7.68544E+12,2231,jeronimo.houlin@gmail.com,,,paid,,518926.67,,,,,,,,,,,,,,,,,,,,,,,,,,,[]
shopify-get-orders,7.68529E+12,2230,creaunmundomejor@protonmail.com,,,paid,,192486,,,,,,,,,,,,,,,,,,,,,,,,,,,[]
shopify-get-orders,7.68521E+12,2229,nicolasparodi146@gmail.com,,,paid,,79999,,,,,,,,,,,,,,,,,,,,,,,,,,,[]
shopify-get-orders,7.68506E+12,2228,nicolasparodi146@gmail.com,,,paid,,513940,,,,,,,,,,,,,,,,,,,,,Binance,36907984,Consumidor Final,,zippin,https://app.zipnova.com.ar/track/1Ce1B95Fy5VMgMiR9zhhaY,"[{""name"": ""numero de identificacion"", ""value"": ""36907984""}, {""name"": ""condicion fiscal"", ""value"": ""Consumidor Final""}, {""name"": ""payment_method"", ""value"": ""Binance""}, {""name"": ""Merchant Reference"", ""value"": ""ste3nskk0""}, {""name"": ""shipment_type"", ""value"": ""zippin""}, {""name"": ""orden con envio gratis"", ""value"": ""precio $ 11871""}, {""name"": ""Compressed Zippin Data"", ""value"": ""eJxFkE1OwzAQha9izTqCJK3SpCtgwapC7BGKjD0kIzl25DhNQ5Q7cQZOxrg/sBt/8/zesxcIc4+why/qe7KQgJZBwn4BJb0n9DVp2OdpmYBxDQ2BVH29cRNo73r3+clXB/RHUngTDEFaLb2uNRo6op+jOyojPer6KM3IojQBCtgNsH9bYEJq2sBxWQLtdc7yBCbSoWXMHdA2cSyj06A89YGc5ayWcyY2FpM0BoM4oG7Qi2eDJ1jfz+pAVl7US3ytcjqWzKo0jdWDDPH4NKJ1g3gkjwNjRWFmepDi1cR/ScDKLupeSDkjo0Q7NXZouSpsiirdVeX27OcRI8u2hcB7UaRiFkX2t6nt2H2gj4JNWf1jPAXPtox/vpn2rbMxLs+zIsuqfLtjiJ0kw9BeOvTSO02c89DExZ1yHazr+gtn/JrS""}, {""name"": ""shipmnent_id"", ""value"": 28977967}, {""name"": ""shipment_tracking_url"", ""value"": ""https://app.zipnova.com.ar/track/1Ce1B95Fy5VMgMiR9zhhaY""}]"
shopify-get-orders,7.68494E+12,2227,nicolasparodi146@gmail.com,,,voided,,513940,,,,,,,,,,,,,,,,,,,,,Binance,36907984,Consumidor Final,,zippin,,"[{""name"": ""numero de identificacion"", ""value"": ""36907984""}, {""name"": ""condicion fiscal"", ""value"": ""Consumidor Final""}, {""name"": ""payment_method"", ""value"": ""Binance""}, {""name"": ""Merchant Reference"", ""value"": ""7wydfyq1g""}, {""name"": ""shipment_type"", ""value"": ""zippin""}, {""name"": ""orden con envio gratis"", ""value"": ""precio $ 11871""}, {""name"": ""Compressed Zippin Data"", ""value"": ""eJxFkE1OwzAQha9izTqCJK3SpCtgwapC7BGKjD0kIzl25DhNQ5Q7cQZOxrg/sBt/8/zesxcIc4+why/qe7KQgJZBwn4BJb0n9DVp2OdpmYBxDQ2BVH29cRNo73r3+clXB/RHUngTDEFaLb2uNRo6op+jOyojPer6KM3IojQBCtgNsH9bYEJq2sBxWQLtdc7yBCbSoWXMHdA2cSyj06A89YGc5ayWcyY2FpM0BoM4oG7Qi2eDJ1jfz+pAVl7US3ytcjqWzKo0jdWDDPH4NKJ1g3gkjwNjRWFmepDi1cR/ScDKLupeSDkjo0Q7NXZouSpsiirdVeX27OcRI8u2hcB7UaRiFkX2t6nt2H2gj4JNWf1jPAXPtox/vpn2rbMxLs+zIsuqfLtjiJ0kw9BeOvTSO02c89DExZ1yHazr+gtn/JrS""}]"
shopify-get-orders,7.68493E+12,2226,nicolasparodi146@gmail.com,,,voided,,513940,,,,,,,,,,,,,,,,,,,,,Binance,36907984,Consumidor Final,,zippin,,"[{""name"": ""numero de identificacion"", ""value"": ""36907984""}, {""name"": ""condicion fiscal"", ""value"": ""Consumidor Final""}, {""name"": ""payment_method"", ""value"": ""Binance""}, {""name"": ""Merchant Reference"", ""value"": ""gxb0te0zt""}, {""name"": ""shipment_type"", ""value"": ""zippin""}, {""name"": ""orden con envio gratis"", ""value"": ""precio $ 11871""}, {""name"": ""Compressed Zippin Data"", ""value"": ""eJxFkE1OwzAQha9izTqCJK3SpCtgwapC7BGKjD0kIzl25DhNQ5Q7cQZOxrg/sBt/8/zesxcIc4+why/qe7KQgJZBwn4BJb0n9DVp2OdpmYBxDQ2BVH29cRNo73r3+clXB/RHUngTDEFaLb2uNRo6op+jOyojPer6KM3IojQBCtgNsH9bYEJq2sBxWQLtdc7yBCbSoWXMHdA2cSyj06A89YGc5ayWcyY2FpM0BoM4oG7Qi2eDJ1jfz+pAVl7US3ytcjqWzKo0jdWDDPH4NKJ1g3gkjwNjRWFmepDi1cR/ScDKLupeSDkjo0Q7NXZouSpsiirdVeX27OcRI8u2hcB7UaRiFkX2t6nt2H2gj4JNWf1jPAXPtox/vpn2rbMxLs+zIsuqfLtjiJ0kw9BeOvTSO02c89DExZ1yHazr+gtn/JrS""}]"
shopify-get-orders,7.68493E+12,2225,nicolasparodi146@gmail.com,,,voided,,513940,,,,,,,,,,,,,,,,,,,,,Binance,36907984,Consumidor Final,,zippin,,"[{""name"": ""numero de identificacion"", ""value"": ""36907984""}, {""name"": ""condicion fiscal"", ""value"": ""Consumidor Final""}, {""name"": ""payment_method"", ""value"": ""Binance""}, {""name"": ""Merchant Reference"", ""value"": ""pdq2lveox""}, {""name"": ""shipment_type"", ""value"": ""zippin""}, {""name"": ""orden con envio gratis"", ""value"": ""precio $ 11871""}, {""name"": ""Compressed Zippin Data"", ""value"": ""eJxFkE1OwzAQha9izTqCJK3SpCtgwapC7BGKjD0kIzl25DhNQ5Q7cQZOxrg/sBt/8/zesxcIc4+why/qe7KQgJZBwn4BJb0n9DVp2OdpmYBxDQ2BVH29cRNo73r3+clXB/RHUngTDEFaLb2uNRo6op+jOyojPer6KM3IojQBCtgNsH9bYEJq2sBxWQLtdc7yBCbSoWXMHdA2cSyj06A89YGc5ayWcyY2FpM0BoM4oG7Qi2eDJ1jfz+pAVl7US3ytcjqWzKo0jdWDDPH4NKJ1g3gkjwNjRWFmepDi1cR/ScDKLupeSDkjo0Q7NXZouSpsiirdVeX27OcRI8u2hcB7UaRiFkX2t6nt2H2gj4JNWf1jPAXPtox/vpn2rbMxLs+zIsuqfLtjiJ0kw9BeOvTSO02c89DExZ1yHazr+gtn/JrS""}]"
shopify-get-orders,7.68493E+12,2224,nicolasparodi146@gmail.com,,,voided,,513940,,,,,,,,,,,,,,,,,,,,,Binance,36907984,Consumidor Final,,zippin,,"[{""name"": ""numero de identificacion"", ""value"": ""36907984""}, {""name"": ""condicion fiscal"", ""value"": ""Consumidor Final""}, {""name"": ""payment_method"", ""value"": ""Binance""}, {""name"": ""Merchant Reference"", ""value"": ""8ap451m8c""}, {""name"": ""shipment_type"", ""value"": ""zippin""}, {""name"": ""orden con envio gratis"", ""value"": ""precio $ 11871""}, {""name"": ""Compressed Zippin Data"", ""value"": ""eJxFkE1OwzAQha9izTqCJK3SpCtgwapC7BGKjD0kIzl25DhNQ5Q7cQZOxrg/sBt/8/zesxcIc4+why/qe7KQgJZBwn4BJb0n9DVp2OdpmYBxDQ2BVH29cRNo73r3+clXB/RHUngTDEFaLb2uNRo6op+jOyojPer6KM3IojQBCtgNsH9bYEJq2sBxWQLtdc7yBCbSoWXMHdA2cSyj06A89YGc5ayWcyY2FpM0BoM4oG7Qi2eDJ1jfz+pAVl7US3ytcjqWzKo0jdWDDPH4NKJ1g3gkjwNjRWFmepDi1cR/ScDKLupeSDkjo0Q7NXZouSpsiirdVeX27OcRI8u2hcB7UaRiFkX2t6nt2H2gj4JNWf1jPAXPtox/vpn2rbMxLs+zIsuqfLtjiJ0kw9BeOvTSO02c89DExZ1yHazr+gtn/JrS""}]"
shopify-get-orders,7.68481E+12,2223,judaismo.arg@gmail.com,,,paid,,166240.5,,,,,,,,,,,,,,,,,,,,,,,,,,,[]
shopify-get-orders,7.68285E+12,2222,mgaloppo@gmail.com,,,pending,,517473,,,,,,,,,,,,,,,,,,,,,efectivo,31032350,Consumidor Final,--,,,"[{""name"": ""numero de identificacion"", ""value"": ""31032350""}, {""name"": ""condicion fiscal"", ""value"": ""Consumidor Final""}, {""name"": ""payment_method"", ""value"": ""efectivo""}, {""name"": ""payment_id"", ""value"": ""--""}, {""name"": ""discount code"", ""value"": ""DEFY5""}]"
shopify-get-orders,7.68285E+12,2221,mgaloppo@gmail.com,,,voided,,517473,,,,,,,,,,,,,,,,,,,,,efectivo,31032350,Consumidor Final,--,,,"[{""name"": ""numero de identificacion"", ""value"": ""31032350""}, {""name"": ""condicion fiscal"", ""value"": ""Consumidor Final""}, {""name"": ""payment_method"", ""value"": ""efectivo""}, {""name"": ""payment_id"", ""value"": ""--""}, {""name"": ""discount code"", ""value"": ""DEFY5""}]"
shopify-get-orders,7.68285E+12,2220,mgaloppo@gmail.com,,,voided,,517473,,,,,,,,,,,,,,,,,,,,,efectivo,31032350,Consumidor Final,--,,,"[{""name"": ""numero de identificacion"", ""value"": ""31032350""}, {""name"": ""condicion fiscal"", ""value"": ""Consumidor Final""}, {""name"": ""payment_method"", ""value"": ""efectivo""}, {""name"": ""payment_id"", ""value"": ""--""}, {""name"": ""discount code"", ""value"": ""DEFY5""}]"
shopify-get-orders,7.68285E+12,2219,mgaloppo@gmail.com,,,voided,,517473,,,,,,,,,,,,,,,,,,,,,efectivo,31032350,Consumidor Final,--,,,"[{""name"": ""numero de identificacion"", ""value"": ""31032350""}, {""name"": ""condicion fiscal"", ""value"": ""Consumidor Final""}, {""name"": ""payment_method"", ""value"": ""efectivo""}, {""name"": ""payment_id"", ""value"": ""--""}, {""name"": ""discount code"", ""value"": ""DEFY5""}]"
shopify-get-orders,7.68285E+12,2218,mgaloppo@gmail.com,,,voided,,517473,,,,,,,,,,,,,,,,,,,,,efectivo,31032350,Consumidor Final,--,,,"[{""name"": ""numero de identificacion"", ""value"": ""31032350""}, {""name"": ""condicion fiscal"", ""value"": ""Consumidor Final""}, {""name"": ""payment_method"", ""value"": ""efectivo""}, {""name"": ""payment_id"", ""value"": ""--""}, {""name"": ""discount code"", ""value"": ""DEFY5""}]"
shopify-get-orders,7.68285E+12,2217,mgaloppo@gmail.com,,,voided,,517473,,,,,,,,,,,,,,,,,,,,,efectivo,31032350,Consumidor Final,--,,,"[{""name"": ""numero de identificacion"", ""value"": ""31032350""}, {""name"": ""condicion fiscal"", ""value"": ""Consumidor Final""}, {""name"": ""payment_method"", ""value"": ""efectivo""}, {""name"": ""payment_id"", ""value"": ""--""}, {""name"": ""discount code"", ""value"": ""DEFY5""}]"
shopify-get-orders,7.67816E+12,2216,,,,paid,,337715.6,,,,,,,,,,,,,,,,,,,,,,,,,,,[]
shopify-get-orders,7.67715E+12,2215,guillermoncicchinelli@gmail.com,,,paid,,166240.5,,,,,,,,,,,,,,,,,,,,,,,,,,,[]
shopify-get-orders,7.67341E+12,2214,galeanobenjamin20@gmail.com,,,paid,,214990,,,,,,,,,,,,,,,,,,,,,Mercado Pago,43323062,Consumidor Final,1.72809E+11,zippin,https://app.zipnova.com.ar/track/1Cdr5WUNbHt8qZRWzqoQcq,"[{""name"": ""numero de identificacion"", ""value"": ""43323062""}, {""name"": ""condicion fiscal"", ""value"": ""Consumidor Final""}, {""name"": ""shipmnent_id"", ""value"": 28847032}, {""name"": ""payment_method"", ""value"": ""Mercado Pago""}, {""name"": ""payment_id"", ""value"": 172808666360}, {""name"": ""shipment_type"", ""value"": ""zippin""}, {""name"": ""shipment_tracking_url"", ""value"": ""https://app.zipnova.com.ar/track/1Cdr5WUNbHt8qZRWzqoQcq""}, {""name"": ""orden con envio gratis"", ""value"": ""precio $ 10406""}]"
shopify-get-orders,7.67341E+12,2213,galeanobenjamin20@gmail.com,,,paid,,214990,,,,,,,,,,,,,,,,,,,,,Mercado Pago,43323062,Consumidor Final,1.72809E+11,zippin,https://app.zipnova.com.ar/track/1Cdr5Vy3mTbxD5S75symtw,"[{""name"": ""numero de identificacion"", ""value"": ""43323062""}, {""name"": ""condicion fiscal"", ""value"": ""Consumidor Final""}, {""name"": ""shipmnent_id"", ""value"": 28847030}, {""name"": ""payment_method"", ""value"": ""Mercado Pago""}, {""name"": ""payment_id"", ""value"": ""172808666360""}, {""name"": ""shipment_type"", ""value"": ""zippin""}, {""name"": ""shipment_tracking_url"", ""value"": ""https://app.zipnova.com.ar/track/1Cdr5Vy3mTbxD5S75symtw""}, {""name"": ""Orden con envio gratis"", ""value"": ""Precio $ 10406""}]"
shopify-get-orders,7.67339E+12,2212,galeanobenjamin20@gmail.com,,,voided,,204240,,,,,,,,,,,,,,,,,,,,,Binance,43323062,Consumidor Final,,zippin,,"[{""name"": ""numero de identificacion"", ""value"": ""43323062""}, {""name"": ""condicion fiscal"", ""value"": ""Consumidor Final""}, {""name"": ""payment_method"", ""value"": ""Binance""}, {""name"": ""Merchant Reference"", ""value"": ""pn82tmfmo""}, {""name"": ""shipment_type"", ""value"": ""zippin""}, {""name"": ""orden con envio gratis"", ""value"": ""precio $ 10406""}, {""name"": ""Compressed Zippin Data"", ""value"": ""eJxFkMFugzAMhl8F+YwmoKVDnLYdtgdob9OE3MQFTyFBSShrEe++hLbbzf782/+fzOAvA0ENVx4G1pCCRI9QzyDQWibbsIS6yKoUlGnZeRbNfeMhkNYM5nQKq47smQU9BM6jlmhlI0nxmewlXieh0JJszqjGIMpSYE+9g/pzhom47TzUZaDdvc7LFCaWvgtlwIp0u9bxlBOWB89GB7MuGE3hcjKhUuSTg6WrsckBlq9V6lnjTTrHtwojY8S8qvIY3KOP7dtI2rjklS25gAX7S6B71Mm7RS3YCZPsjUJtwlRjv+6Q/saedfKBim4TacTYkw7pYbvZFJtsV6wmliiyalv9tY0e+yPZQIu83P1j+vEWw69AQENn9Bo2L5/LLMu28Rr1yCrA9uZ6vKcospc2Tp6E6WFZll8H8J42""}]"
shopify-get-orders,7.66973E+12,2211,,,,paid,,194740.5,,,,,,,,,,,,,,,,,,,,,,,,,,,[]
shopify-get-orders,7.66726E+12,2210,ernesto.portas@gmail.com,,,paid,,174990,,,,,,,,,,,,,,,,,,,,,,,,,,,[]
shopify-get-orders,7.66722E+12,2209,,,,paid,,513940.5,,,,,,,,,,,,,,,,,,,,,,,,,,,[]
shopify-get-orders,7.66296E+12,2208,,,,paid,,1027881,,,,,,,,,,,,,,,,,,,,,,,,,,,[]
shopify-get-orders,7.6609E+12,2207,mmm@gmail.com,,,voided,,204240,,,,,,,,,,,,,,,,,,,,,transferencia,30121345,Consumidor Final,--,zippin,,"[{""name"": ""numero de identificacion"", ""value"": ""30121345""}, {""name"": ""condicion fiscal"", ""value"": ""Consumidor Final""}, {""name"": ""payment_method"", ""value"": ""transferencia""}, {""name"": ""payment_id"", ""value"": ""--""}, {""name"": ""shipment_type"", ""value"": ""zippin""}, {""name"": ""orden con envio gratis"", ""value"": ""precio $ 11306""}]"
shopify-get-orders,7.6609E+12,2206,mmm@gmail.com,,,voided,,204240,,,,,,,,,,,,,,,,,,,,,transferencia,30121345,Consumidor Final,--,zippin,,"[{""name"": ""numero de identificacion"", ""value"": ""30121345""}, {""name"": ""condicion fiscal"", ""value"": ""Consumidor Final""}, {""name"": ""payment_method"", ""value"": ""transferencia""}, {""name"": ""payment_id"", ""value"": ""--""}, {""name"": ""shipment_type"", ""value"": ""zippin""}, {""name"": ""orden con envio gratis"", ""value"": ""precio $ 11306""}]"
shopify-get-orders,7.6609E+12,2205,mmm@gmail.com,,,voided,,204240,,,,,,,,,,,,,,,,,,,,,transferencia,30121345,Consumidor Final,--,zippin,,"[{""name"": ""numero de identificacion"", ""value"": ""30121345""}, {""name"": ""condicion fiscal"", ""value"": ""Consumidor Final""}, {""name"": ""payment_method"", ""value"": ""transferencia""}, {""name"": ""payment_id"", ""value"": ""--""}, {""name"": ""shipment_type"", ""value"": ""zippin""}, {""name"": ""orden con envio gratis"", ""value"": ""precio $ 11306""}]"
shopify-get-orders,7.6609E+12,2204,mmm@gmail.com,,,voided,,204240,,,,,,,,,,,,,,,,,,,,,transferencia,30121345,Consumidor Final,--,zippin,,"[{""name"": ""numero de identificacion"", ""value"": ""30121345""}, {""name"": ""condicion fiscal"", ""value"": ""Consumidor Final""}, {""name"": ""payment_method"", ""value"": ""transferencia""}, {""name"": ""payment_id"", ""value"": ""--""}, {""name"": ""shipment_type"", ""value"": ""zippin""}, {""name"": ""orden con envio gratis"", ""value"": ""precio $ 11306""}]"
shopify-get-orders,7.6603E+12,2203,,,,paid,,540990,,,,,,,,,,,,,,,,,,,,,,,,,,,[]
shopify-get-orders,7.65974E+12,2202,surfer.sat.zion@gmail.com,,,paid,,166240.5,,,,,,,,,,,,,,,,,,,,,Mercado Pago,27816056,Consumidor Final,1.71875E+11,zippin,https://app.zipnova.com.ar/track/1CdgDzrZVwjfaqHBMNhP87,"[{""name"": ""numero de identificacion"", ""value"": ""27816056""}, {""name"": ""condicion fiscal"", ""value"": ""Consumidor Final""}, {""name"": ""shipmnent_id"", ""value"": 28717898}, {""name"": ""payment_method"", ""value"": ""Mercado Pago""}, {""name"": ""payment_id"", ""value"": ""171874634728""}, {""name"": ""shipment_type"", ""value"": ""zippin""}, {""name"": ""shipment_tracking_url"", ""value"": ""https://app.zipnova.com.ar/track/1CdgDzrZVwjfaqHBMNhP87""}, {""name"": ""Orden con envio gratis"", ""value"": ""Precio $ 9487""}]"
shopify-get-orders,7.65973E+12,2201,surfer.sat.zion@gmail.com,,,paid,,166240.5,,,,,,,,,,,,,,,,,,,,,Mercado Pago,27816056,Consumidor Final,1.71875E+11,zippin,https://app.zipnova.com.ar/track/1CdgDzLP16Xx9UKbjgJ9jv,"[{""name"": ""numero de identificacion"", ""value"": ""27816056""}, {""name"": ""condicion fiscal"", ""value"": ""Consumidor Final""}, {""name"": ""shipmnent_id"", ""value"": 28717896}, {""name"": ""payment_method"", ""value"": ""Mercado Pago""}, {""name"": ""payment_id"", ""value"": 171874634728}, {""name"": ""shipment_type"", ""value"": ""zippin""}, {""name"": ""shipment_tracking_url"", ""value"": ""https://app.zipnova.com.ar/track/1CdgDzLP16Xx9UKbjgJ9jv""}, {""name"": ""orden con envio gratis"", ""value"": ""precio $ 9487""}]"
shopify-get-orders,7.65776E+12,2200,franrescia@gmail.com,,,voided,,513940,,,,,,,,,,,,,,,,,,,,,Binance,96002170,Consumidor Final,,motomensajería,,"[{""name"": ""numero de identificacion"", ""value"": ""96002170""}, {""name"": ""condicion fiscal"", ""value"": ""Consumidor Final""}, {""name"": ""payment_method"", ""value"": ""Binance""}, {""name"": ""Merchant Reference"", ""value"": ""zk2syynna""}, {""name"": ""shipment_type"", ""value"": ""motomensajería""}, {""name"": ""orden con envio gratis"", ""value"": ""precio $ 530""}]"
shopify-get-orders,7.65776E+12,2199,franrescia@gmail.com,,,voided,,513940,,,,,,,,,,,,,,,,,,,,,Binance,96002170,Consumidor Final,,motomensajería,,"[{""name"": ""numero de identificacion"", ""value"": ""96002170""}, {""name"": ""condicion fiscal"", ""value"": ""Consumidor Final""}, {""name"": ""payment_method"", ""value"": ""Binance""}, {""name"": ""Merchant Reference"", ""value"": ""igko5r8vb""}, {""name"": ""shipment_type"", ""value"": ""motomensajería""}, {""name"": ""orden con envio gratis"", ""value"": ""precio $ 530""}]"
shopify-get-orders,7.65776E+12,2198,franrescia@gmail.com,,,paid,,513940,,,,,,,,,,,,,,,,,,,,,Binance,96002170,Consumidor Final,,motomensajería,,"[{""name"": ""numero de identificacion"", ""value"": ""96002170""}, {""name"": ""condicion fiscal"", ""value"": ""Consumidor Final""}, {""name"": ""payment_method"", ""value"": ""Binance""}, {""name"": ""Merchant Reference"", ""value"": ""986xpods0""}, {""name"": ""shipment_type"", ""value"": ""motomensajería""}, {""name"": ""orden con envio gratis"", ""value"": ""precio $ 530""}]"
shopify-get-orders,7.65185E+12,2197,cesar_google@hotmail.com,,,paid,,194740.5,,,,,,,,,,,,,,,,,,,,,,,,,,,[]
shopify-get-orders,7.64684E+12,2196,,,,paid,,860625,,,,,,,,,,,,,,,,,,,,,,,,,,,[]
shopify-get-orders,7.64677E+12,2195,,,,paid,,394989,,,,,,,,,,,,,,,,,,,,,,,,,,,[]
shopify-get-orders,7.64143E+12,2194,,,,paid,,289990,,,,,,,,,,,,,,,,,,,,,,,,,,,[]
shopify-get-orders,7.6347E+12,2193,,,,paid,,975199.5,,,,,,,,,,,,,,,,,,,,,,,,,,,[]
shopify-get-orders,7.63277E+12,2192,,,,paid,,524982.5,,,,,,,,,,,,,,,,,,,,,,,,,,,[]
shopify-get-orders,7.63262E+12,2191,,,,paid,,398981,,,,,,,,,,,,,,,,,,,,,,,,,,,[]
shopify-get-orders,7.62684E+12,2190,FRJ15@proton.me,,,paid,,398981,,,,,,,,,,,,,,,,,,,,,,,,,,,[]
shopify-get-orders,7.62474E+12,2189,,,,paid,,275400,,,,,,,,,,,,,,,,,,,,,,,,,,,[]
shopify-get-orders,7.6176E+12,2188,apereyra@lasmarias.com.ar,,,paid,,545317.5,,,,,,,,,,,,,,,,,,,,,,,,,,,[]
shopify-get-orders,7.61173E+12,2187,leandropaez2013@gmail.com,,,paid,,718500,,,,,,,,,,,,,,,,,,,,,,,,,,,[]
shopify-get-orders,7.61015E+12,2186,frodriguezpenelas@gmail.com,,,paid,,180481,,,,,,,,,,,,,,,,,,,,,Mercado Pago,39654009,Consumidor Final,1.68825E+11,motomensajería,,"[{""name"": ""numero de identificacion"", ""value"": ""39654009""}, {""name"": ""condicion fiscal"", ""value"": ""Consumidor Final""}, {""name"": ""shipmnent_id"", ""value"": ""-""}, {""name"": ""payment_method"", ""value"": ""Mercado Pago""}, {""name"": ""payment_id"", ""value"": ""168824520080""}, {""name"": ""shipment_type"", ""value"": ""motomensajería""}, {""name"": ""shipment_tracking_url"", ""value"": """"}, {""name"": ""Orden con envio gratis"", ""value"": ""Precio $ 530""}]"
shopify-get-orders,7.61015E+12,2185,frodriguezpenelas@gmail.com,,,paid,,180481,,,,,,,,,,,,,,,,,,,,,Mercado Pago,39654009,Consumidor Final,1.68825E+11,motomensajería,,"[{""name"": ""numero de identificacion"", ""value"": ""39654009""}, {""name"": ""condicion fiscal"", ""value"": ""Consumidor Final""}, {""name"": ""shipmnent_id"", ""value"": ""-""}, {""name"": ""payment_method"", ""value"": ""Mercado Pago""}, {""name"": ""payment_id"", ""value"": 168824520080}, {""name"": ""shipment_type"", ""value"": ""motomensajería""}, {""name"": ""shipment_tracking_url"", ""value"": """"}, {""name"": ""orden con envio gratis"", ""value"": ""precio $ 530""}]"
shopify-get-orders,7.60938E+12,2184,juan.c.cordova@exxonmobil.com,,,paid,,1196959.15,,,,,,,,,,,,,,,,,,,,,,,,,,,[]
shopify-get-orders,7.60895E+12,2183,aurinel.jimenez@gmail.com,,,paid,,137490,,,,,,,,,,,,,,,,,,,,,,,,,,,[]
shopify-get-orders,7.60769E+12,2182,Pfagalde@gmail.com,,,paid,,118509,,,,,,,,,,,,,,,,,,,,,,,,,,,[]
shopify-get-orders,7.6063E+12,2181,alenaantonowa@gmail.com,,,paid,,174990,,,,,,,,,,,,,,,,,,,,,Mercado Pago,96390056,Consumidor Final,1.67712E+11,motomensajería,,"[{""name"": ""numero de identificacion"", ""value"": ""96390056""}, {""name"": ""condicion fiscal"", ""value"": ""Consumidor Final""}, {""name"": ""shipmnent_id"", ""value"": ""-""}, {""name"": ""payment_method"", ""value"": ""Mercado Pago""}, {""name"": ""payment_id"", ""value"": ""167711775373""}, {""name"": ""shipment_type"", ""value"": ""motomensajería""}, {""name"": ""shipment_tracking_url"", ""value"": """"}, {""name"": ""Orden con envio gratis"", ""value"": ""Precio $ 530""}]"
shopify-get-orders,7.6063E+12,2180,alenaantonowa@gmail.com,,,paid,,174990,,,,,,,,,,,,,,,,,,,,,Mercado Pago,96390056,Consumidor Final,1.67712E+11,motomensajería,,"[{""name"": ""numero de identificacion"", ""value"": ""96390056""}, {""name"": ""condicion fiscal"", ""value"": ""Consumidor Final""}, {""name"": ""shipmnent_id"", ""value"": ""-""}, {""name"": ""payment_method"", ""value"": ""Mercado Pago""}, {""name"": ""payment_id"", ""value"": 167711775373}, {""name"": ""shipment_type"", ""value"": ""motomensajería""}, {""name"": ""shipment_tracking_url"", ""value"": """"}, {""name"": ""orden con envio gratis"", ""value"": ""precio $ 530""}]"
shopify-get-orders,7.59565E+12,2179,langonenorberto@gmail.com,,,voided,,204240,,,,,,,,,,,,,,,,,,,,,transferencia,18309344,Consumidor Final,--,motomensajería,,"[{""name"": ""numero de identificacion"", ""value"": ""18309344 ""}, {""name"": ""condicion fiscal"", ""value"": ""Consumidor Final""}, {""name"": ""payment_method"", ""value"": ""transferencia""}, {""name"": ""payment_id"", ""value"": ""--""}, {""name"": ""shipment_type"", ""value"": ""motomensajería""}, {""name"": ""orden con envio gratis"", ""value"": ""precio $ 1156""}]"
shopify-get-orders,7.59565E+12,2178,langonenorberto@gmail.com,,,paid,,204240,,,,,,,,,,,,,,,,,,,,,transferencia,18309344,Consumidor Final,--,motomensajería,,"[{""name"": ""numero de identificacion"", ""value"": ""18309344 ""}, {""name"": ""condicion fiscal"", ""value"": ""Consumidor Final""}, {""name"": ""payment_method"", ""value"": ""transferencia""}, {""name"": ""payment_id"", ""value"": ""--""}, {""name"": ""shipment_type"", ""value"": ""motomensajería""}, {""name"": ""orden con envio gratis"", ""value"": ""precio $ 1156""}]"
shopify-get-orders,7.5952E+12,2177,,,,paid,,359998,,,,,,,,,,,,,,,,,,,,,,,,,,,[]
shopify-get-orders,7.59452E+12,2176,egorbatik@gmail.com,,,paid,,118500,,,,,,,,,,,,,,,,,,,,,,,,,,,[]
shopify-get-orders,7.58928E+12,2175,solebaiz23@gmail.com,,,paid,,174990,,,,,,,,,,,,,,,,,,,,,Mercado Pago,35059424,Consumidor Final,1.67477E+11,zippin,https://app.zipnova.com.ar/track/1Ccm9LfvZZYGu1baes1BHm,"[{""name"": ""numero de identificacion"", ""value"": ""35059424""}, {""name"": ""condicion fiscal"", ""value"": ""Consumidor Final""}, {""name"": ""shipmnent_id"", ""value"": 28128246}, {""name"": ""payment_method"", ""value"": ""Mercado Pago""}, {""name"": ""payment_id"", ""value"": ""167476553816""}, {""name"": ""shipment_type"", ""value"": ""zippin""}, {""name"": ""shipment_tracking_url"", ""value"": ""https://app.zipnova.com.ar/track/1Ccm9LfvZZYGu1baes1BHm""}, {""name"": ""Orden con envio gratis"", ""value"": ""Precio $ 14438""}]"
shopify-get-orders,7.58491E+12,2174,alejandropereyra96@gmail.com,,,paid,,194740,,,,,,,,,,,,,,,,,,,,,transferencia,39957786,Consumidor Final,--,,,"[{""name"": ""numero de identificacion"", ""value"": ""39957786""}, {""name"": ""condicion fiscal"", ""value"": ""Consumidor Final""}, {""name"": ""payment_method"", ""value"": ""transferencia""}, {""name"": ""payment_id"", ""value"": ""--""}]"
shopify-get-orders,7.58201E+12,2173,vacaagustin9492@gmail.com,,,voided,,166240,,,,,,,,,,,,,,,,,,,,,transferencia,43871933,Consumidor Final,--,motomensajería,,"[{""name"": ""numero de identificacion"", ""value"": ""43871933""}, {""name"": ""condicion fiscal"", ""value"": ""Consumidor Final""}, {""name"": ""payment_method"", ""value"": ""transferencia""}, {""name"": ""payment_id"", ""value"": ""--""}, {""name"": ""shipment_type"", ""value"": ""motomensajería""}, {""name"": ""orden con envio gratis"", ""value"": ""precio $ 842""}]"
shopify-get-orders,7.58201E+12,2172,vacaagustin9492@gmail.com,,,voided,,166240,,,,,,,,,,,,,,,,,,,,,transferencia,43871933,Consumidor Final,--,motomensajería,,"[{""name"": ""numero de identificacion"", ""value"": ""43871933""}, {""name"": ""condicion fiscal"", ""value"": ""Consumidor Final""}, {""name"": ""payment_method"", ""value"": ""transferencia""}, {""name"": ""payment_id"", ""value"": ""--""}, {""name"": ""shipment_type"", ""value"": ""motomensajería""}, {""name"": ""orden con envio gratis"", ""value"": ""precio $ 842""}]"
shopify-get-orders,7.58058E+12,2171,,,,paid,,488739.8,,,,,,,,,,,,,,,,,,,,,,,,,,,[]
shopify-get-orders,7.57525E+12,2170,,,,paid,,150000,,,,,,,,,,,,,,,,,,,,,,,,,,,[]
shopify-get-orders,7.57523E+12,2169,,,,paid,,341998.1,,,,,,,,,,,,,,,,,,,,,,,,,,,[]
shopify-get-orders,7.55603E+12,2168,,,,paid,,300000,,,,,,,,,,,,,,,,,,,,,,,,,,,[]
shopify-get-orders,7.54821E+12,2166,,,,paid,,185240.5,,,,,,,,,,,,,,,,,,,,,,,,,,,[]
shopify-get-orders,7.54813E+12,2165,ivplaton@gmail.com,,,paid,,204240,,,,,,,,,,,,,,,,,,,,,transferencia,96526627,Consumidor Final,--,zippin,,"[{""name"": ""numero de identificacion"", ""value"": ""96526627""}, {""name"": ""condicion fiscal"", ""value"": ""Consumidor Final""}, {""name"": ""payment_method"", ""value"": ""transferencia""}, {""name"": ""payment_id"", ""value"": ""--""}, {""name"": ""shipment_type"", ""value"": ""zippin""}, {""name"": ""orden con envio gratis"", ""value"": ""precio $ 11871""}]"
shopify-get-orders,7.54799E+12,2164,ing.yebril@gmail.com,,,paid,,185240.5,,,,,,,,,,,,,,,,,,,,,,,,,,,[]
shopify-get-orders,7.54796E+12,2163,planetacompras2000@gmail.com,,,paid,,184990,,,,,,,,,,,,,,,,,,,,,,,,,,,[]
shopify-get-orders,7.54744E+12,2162,,,,paid,,476064,,,,,,,,,,,,,,,,,,,,,,,,,,,[]
shopify-get-orders,7.50992E+12,2161,angelparada5@gmail.com,,,paid,,299990,,,,,,,,,,,,,,,,,,,,,,,,,,,[]
shopify-get-orders,7.49694E+12,2160,,,,paid,,287375,,,,,,,,,,,,,,,,,,,,,,,,,,,[]
shopify-get-orders,7.4918E+12,2159,,,,paid,,1106000,,,,,,,,,,,,,,,,,,,,,,,,,,,[]
shopify-get-orders,7.48861E+12,2158,alphapuelo@gmail.com,,,paid,,89991,,,,,,,,,,,,,,,,,,,,,,,,,,,[]
shopify-get-orders,7.4792E+12,2157,,,,paid,,777546,,,,,,,,,,,,,,,,,,,,,,,,,,,[]
shopify-get-orders,7.47914E+12,2156,angelparada5@gmail.com,,,paid,,299990,,,,,,,,,,,,,,,,,,,,,,,,,,,[]
shopify-get-orders,7.47418E+12,2155,juliansbano@gmail.com,,,paid,,194990,,,,,,,,,,,,,,,,,,,,,Mercado Pago,30716651947,Consumidor Final,1.62369E+11,motomensajería,,"[{""name"": ""numero de identificacion"", ""value"": ""30716651947""}, {""name"": ""condicion fiscal"", ""value"": ""Consumidor Final""}, {""name"": ""shipmnent_id"", ""value"": ""-""}, {""name"": ""payment_method"", ""value"": ""Mercado Pago""}, {""name"": ""payment_id"", ""value"": ""162368690270""}, {""name"": ""shipment_type"", ""value"": ""motomensajería""}, {""name"": ""shipment_tracking_url"", ""value"": """"}, {""name"": ""Orden con envio gratis"", ""value"": ""Precio $ 1156""}]"
shopify-get-orders,7.46863E+12,2154,gutiduhalde@gmail.com,,,paid,,214990,,,,,,,,,,,,,,,,,,,,,Mercado Pago,20163060362,Consumidor Final,1.6203E+11,zippin,https://app.zipnova.com.ar/track/1CbdC4yBy9Ju7PM593CzxA,"[{""name"": ""numero de identificacion"", ""value"": ""20163060362""}, {""name"": ""condicion fiscal"", ""value"": ""Consumidor Final""}, {""name"": ""shipmnent_id"", ""value"": 27370166}, {""name"": ""payment_method"", ""value"": ""Mercado Pago""}, {""name"": ""payment_id"", ""value"": ""162029871514""}, {""name"": ""shipment_type"", ""value"": ""zippin""}, {""name"": ""shipment_tracking_url"", ""value"": ""https://app.zipnova.com.ar/track/1CbdC4yBy9Ju7PM593CzxA""}, {""name"": ""Orden con envio gratis"", ""value"": ""Precio $ 14438""}]"
shopify-get-orders,7.46863E+12,2153,gutiduhalde@gmail.com,,,paid,,214990,,,,,,,,,,,,,,,,,,,,,Mercado Pago,20163060362,Consumidor Final,1.6203E+11,zippin,https://app.zipnova.com.ar/track/1CbdC4ymm6nirTuHRBsAzx,"[{""name"": ""numero de identificacion"", ""value"": ""20163060362""}, {""name"": ""condicion fiscal"", ""value"": ""Consumidor Final""}, {""name"": ""shipmnent_id"", ""value"": 27370167}, {""name"": ""payment_method"", ""value"": ""Mercado Pago""}, {""name"": ""payment_id"", ""value"": 162029871514}, {""name"": ""shipment_type"", ""value"": ""zippin""}, {""name"": ""shipment_tracking_url"", ""value"": ""https://app.zipnova.com.ar/track/1CbdC4ymm6nirTuHRBsAzx""}, {""name"": ""orden con envio gratis"", ""value"": ""precio $ 14438""}]"
shopify-get-orders,7.46135E+12,2152,,,,paid,,600000,,,,,,,,,,,,,,,,,,,,,,,,,,,[]
shopify-get-orders,7.4605E+12,2151,,,,paid,,128520,,,,,,,,,,,,,,,,,,,,,,,,,,,[]
shopify-get-orders,7.45555E+12,2150,leozuain@hotmail.com,,,voided,,185240,,,,,,,,,,,,,,,,,,,,,transferencia,20689608,Consumidor Final,--,motomensajería,,"[{""name"": ""numero de identificacion"", ""value"": ""20689608""}, {""name"": ""condicion fiscal"", ""value"": ""Consumidor Final""}, {""name"": ""payment_method"", ""value"": ""transferencia""}, {""name"": ""payment_id"", ""value"": ""--""}, {""name"": ""shipment_type"", ""value"": ""motomensajería""}, {""name"": ""orden con envio gratis"", ""value"": ""precio $ 530""}]"
shopify-get-orders,7.45555E+12,2149,leozuain@hotmail.com,,,voided,,185240,,,,,,,,,,,,,,,,,,,,,transferencia,20689608,Consumidor Final,--,motomensajería,,"[{""name"": ""numero de identificacion"", ""value"": ""20689608""}, {""name"": ""condicion fiscal"", ""value"": ""Consumidor Final""}, {""name"": ""payment_method"", ""value"": ""transferencia""}, {""name"": ""payment_id"", ""value"": ""--""}, {""name"": ""shipment_type"", ""value"": ""motomensajería""}, {""name"": ""orden con envio gratis"", ""value"": ""precio $ 530""}]"
shopify-get-orders,7.44864E+12,2148,arturo.beccarvarela@openzeppelin.com,,,paid,,189980,,,,,,,,,,,,,,,,,,,,,Mercado Pago,37904865,Consumidor Final,1.61236E+11,motomensajería,,"[{""name"": ""numero de identificacion"", ""value"": ""37904865""}, {""name"": ""condicion fiscal"", ""value"": ""Consumidor Final""}, {""name"": ""shipmnent_id"", ""value"": ""-""}, {""name"": ""payment_method"", ""value"": ""Mercado Pago""}, {""name"": ""payment_id"", ""value"": ""161236456488""}, {""name"": ""shipment_type"", ""value"": ""motomensajería""}, {""name"": ""shipment_tracking_url"", ""value"": """"}, {""name"": ""Orden con envio gratis"", ""value"": ""Precio $ 530""}]"
shopify-get-orders,7.44864E+12,2147,arturo.beccarvarela@openzeppelin.com,,,paid,,189980,,,,,,,,,,,,,,,,,,,,,Mercado Pago,37904865,Consumidor Final,1.61236E+11,motomensajería,,"[{""name"": ""numero de identificacion"", ""value"": ""37904865""}, {""name"": ""condicion fiscal"", ""value"": ""Consumidor Final""}, {""name"": ""shipmnent_id"", ""value"": ""-""}, {""name"": ""payment_method"", ""value"": ""Mercado Pago""}, {""name"": ""payment_id"", ""value"": 161236456488}, {""name"": ""shipment_type"", ""value"": ""motomensajería""}, {""name"": ""shipment_tracking_url"", ""value"": """"}, {""name"": ""orden con envio gratis"", ""value"": ""precio $ 530""}]"
shopify-get-orders,7.44477E+12,2146,,,,paid,,2603170.2,,,,,,,,,,,,,,,,,,,,,,,,,,,[]
shopify-get-orders,7.43641E+12,2145,urbanedgar@gmail.com,,,paid,,99990,,,,,,,,,,,,,,,,,,,,,Mercado Pago,32978498,Consumidor Final,1.59858E+11,zippin,https://app.zipnova.com.ar/track/1CbK2uB941DupVeMeL4MJN,"[{""name"": ""numero de identificacion"", ""value"": ""32978498""}, {""name"": ""condicion fiscal"", ""value"": ""Consumidor Final""}, {""name"": ""shipmnent_id"", ""value"": 27133057}, {""name"": ""payment_method"", ""value"": ""Mercado Pago""}, {""name"": ""payment_id"", ""value"": ""159858280233""}, {""name"": ""shipment_type"", ""value"": ""zippin""}, {""name"": ""shipment_tracking_url"", ""value"": ""https://app.zipnova.com.ar/track/1CbK2uB941DupVeMeL4MJN""}, {""name"": ""Orden con envio gratis"", ""value"": ""Precio $ 10781""}]"
shopify-get-orders,7.43641E+12,2144,urbanedgar@gmail.com,,,paid,,99990,,,,,,,,,,,,,,,,,,,,,Mercado Pago,32978498,Consumidor Final,1.59858E+11,zippin,https://app.zipnova.com.ar/track/1CbK2tsZ1atsxyNULk1Cn2,"[{""name"": ""numero de identificacion"", ""value"": ""32978498""}, {""name"": ""condicion fiscal"", ""value"": ""Consumidor Final""}, {""name"": ""shipmnent_id"", ""value"": 27133052}, {""name"": ""payment_method"", ""value"": ""Mercado Pago""}, {""name"": ""payment_id"", ""value"": 159858280233}, {""name"": ""shipment_type"", ""value"": ""zippin""}, {""name"": ""shipment_tracking_url"", ""value"": ""https://app.zipnova.com.ar/track/1CbK2tsZ1atsxyNULk1Cn2""}, {""name"": ""orden con envio gratis"", ""value"": ""precio $ 10781""}]"
shopify-get-orders,7.41305E+12,2143,damiancuffia@gmail.com,,,paid,,90240.5,,,,,,,,,,,,,,,,,,,,,Mercado Pago,37264864,Consumidor Final,1.59434E+11,zippin,https://app.zipnova.com.ar/track/1Cb4fmT4s4N3XhAirXyqmg,"[{""name"": ""numero de identificacion"", ""value"": ""37264864""}, {""name"": ""condicion fiscal"", ""value"": ""Consumidor Final""}, {""name"": ""shipmnent_id"", ""value"": 26900879}, {""name"": ""payment_method"", ""value"": ""Mercado Pago""}, {""name"": ""payment_id"", ""value"": 159434276854}, {""name"": ""shipment_type"", ""value"": ""zippin""}, {""name"": ""shipment_tracking_url"", ""value"": ""https://app.zipnova.com.ar/track/1Cb4fmT4s4N3XhAirXyqmg""}, {""name"": ""orden con envio gratis"", ""value"": ""precio $ 10781""}]"
shopify-get-orders,7.40614E+12,2142,francotomasiglesias@gmail.com,,,paid,,185240,,,,,,,,,,,,,,,,,,,,,Binance,41469786,Consumidor Final,,motomensajería,,"[{""name"": ""numero de identificacion"", ""value"": ""41469786""}, {""name"": ""condicion fiscal"", ""value"": ""Consumidor Final""}, {""name"": ""payment_method"", ""value"": ""Binance""}, {""name"": ""Merchant Reference"", ""value"": ""rigapazw2""}, {""name"": ""shipment_type"", ""value"": ""motomensajería""}, {""name"": ""orden con envio gratis"", ""value"": ""precio $ 842""}]"
shopify-get-orders,7.39466E+12,2141,eagmdev001@gmail.com,,,paid,,170982,,,,,,,,,,,,,,,,,,,,,transferencia,96099675,Consumidor Final,--,motomensajería,,"[{""name"": ""numero de identificacion"", ""value"": ""96099675""}, {""name"": ""condicion fiscal"", ""value"": ""Consumidor Final""}, {""name"": ""payment_method"", ""value"": ""transferencia""}, {""name"": ""payment_id"", ""value"": ""--""}, {""name"": ""shipment_type"", ""value"": ""motomensajería""}, {""name"": ""orden con envio gratis"", ""value"": ""precio $ 530""}, {""name"": ""discount code"", ""value"": ""DEFY5""}]"
shopify-get-orders,7.39144E+12,2140,,,,paid,,1130485.75,,,,,,,,,,,,,,,,,,,,,,,,,,,[]
shopify-get-orders,7.39038E+12,2139,daropl12@gmail.com,,,paid,,189999,,,,,,,,,,,,,,,,,,,,,Mercado Pago,39293725,Consumidor Final,1.58089E+11,motomensajería,,"[{""name"": ""numero de identificacion"", ""value"": ""39293725""}, {""name"": ""condicion fiscal"", ""value"": ""Consumidor Final""}, {""name"": ""shipmnent_id"", ""value"": ""-""}, {""name"": ""payment_method"", ""value"": ""Mercado Pago""}, {""name"": ""payment_id"", ""value"": ""158088523782""}, {""name"": ""shipment_type"", ""value"": ""motomensajería""}, {""name"": ""shipment_tracking_url"", ""value"": """"}, {""name"": ""Orden con envio gratis"", ""value"": ""Precio $ 1156""}]"
shopify-get-orders,7.39038E+12,2138,daropl12@gmail.com,,,paid,,189999,,,,,,,,,,,,,,,,,,,,,Mercado Pago,39293725,Consumidor Final,1.58089E+11,motomensajería,,"[{""name"": ""numero de identificacion"", ""value"": ""39293725""}, {""name"": ""condicion fiscal"", ""value"": ""Consumidor Final""}, {""name"": ""shipmnent_id"", ""value"": ""-""}, {""name"": ""payment_method"", ""value"": ""Mercado Pago""}, {""name"": ""payment_id"", ""value"": 158088523782}, {""name"": ""shipment_type"", ""value"": ""motomensajería""}, {""name"": ""shipment_tracking_url"", ""value"": """"}, {""name"": ""orden con envio gratis"", ""value"": ""precio $ 1156""}]"
shopify-get-orders,7.38527E+12,2137,tomaspombobenamo@gmail.com,,,paid,,175740,,,,,,,,,,,,,,,,,,,,,Binance,43180018,Consumidor Final,,zippin,https://app.zipnova.com.ar/track/1CairKnTzQ2nWszPBAoyfH,"[{""name"": ""numero de identificacion"", ""value"": ""43180018""}, {""name"": ""condicion fiscal"", ""value"": ""Consumidor Final""}, {""name"": ""payment_method"", ""value"": ""Binance""}, {""name"": ""Merchant Reference"", ""value"": ""lxukuk89o""}, {""name"": ""shipment_type"", ""value"": ""zippin""}, {""name"": ""orden con envio gratis"", ""value"": ""precio $ 11871""}, {""name"": ""Compressed Zippin Data"", ""value"": ""eJxFUE1PwzAM/SuRzxVqx8S6nhhInBCaBDeEKi/xWktpUiXpxjbtv+OMDW7O8/tyTpAOI0EDRx5HdlCAwYTQnEBjCEyhZQPNrKwLsL7jmFi3V8WNYIIf/XYr0khhx5puhJjQGQymNWR5R+GQ3UlbDGTaHdpJSGUBnGiI0HyeYE/c9UniqgL661zNCtizSb3A0oFcl8c6O0UdeEzsnWT1krMXY7VHaympVzIdBfWGzqt3tbZThPPXRZTY4a/olI/W3uSudVmW+YKEKT+fJnI+qhUHigJrTgdBV3IIqmcfEgvocMjUDz9gVGs/bHy+z+tpICfFYX5fiWtVX2wDUcZecMPoVOfdES0d/1atm4YNhaxaLv5R+k4B5W9AoLH3LufNltX8oS4Xs8yjAdkKmHKJMXfYkPTyj11e3Gk/wPl8/gFrpKE9""}, {""name"": ""shipmnent_id"", ""value"": 26585448}, {""name"": ""shipment_tracking_url"", ""value"": ""https://app.zipnova.com.ar/track/1CairKnTzQ2nWszPBAoyfH""}]"
shopify-get-orders,7.3683E+12,2136,anagoc23@gmail.com,,,paid,,162449.1,,,,,,,,,,,,,,,,,,,,,,,,,,,[]
shopify-get-orders,7.35601E+12,2135,,,,paid,,613200,,,,,,,,,,,,,,,,,,,,,,,,,,,[]
shopify-get-orders,7.35378E+12,2134,finance@belo.app,,,paid,,569981,,,,,,,,,,,,,,,,,,,,,Mercado Pago,30-71724307-9,Consumidor Final,1.55939E+11,motomensajería,,"[{""name"": ""numero de identificacion"", ""value"": ""30-71724307-9""}, {""name"": ""condicion fiscal"", ""value"": ""Consumidor Final""}, {""name"": ""shipmnent_id"", ""value"": ""-""}, {""name"": ""payment_method"", ""value"": ""Mercado Pago""}, {""name"": ""payment_id"", ""value"": ""155938810088""}, {""name"": ""shipment_type"", ""value"": ""motomensajería""}, {""name"": ""shipment_tracking_url"", ""value"": """"}, {""name"": ""Orden con envio gratis"", ""value"": ""Precio $ 530""}]"
shopify-get-orders,7.35378E+12,2133,finance@belo.app,,,paid,,569981,,,,,,,,,,,,,,,,,,,,,Mercado Pago,30-71724307-9,Consumidor Final,1.55939E+11,motomensajería,,"[{""name"": ""numero de identificacion"", ""value"": ""30-71724307-9""}, {""name"": ""condicion fiscal"", ""value"": ""Consumidor Final""}, {""name"": ""shipmnent_id"", ""value"": ""-""}, {""name"": ""payment_method"", ""value"": ""Mercado Pago""}, {""name"": ""payment_id"", ""value"": 155938810088}, {""name"": ""shipment_type"", ""value"": ""motomensajería""}, {""name"": ""shipment_tracking_url"", ""value"": """"}, {""name"": ""orden con envio gratis"", ""value"": ""precio $ 530""}]"
shopify-get-orders,7.3519E+12,2132,contacto@coodesoft.com.ar,,,paid,,90240,,,,,,,,,,,,,,,,,,,,,transferencia,30717168603,Consumidor Final,--,zippin,,"[{""name"": ""numero de identificacion"", ""value"": ""30717168603""}, {""name"": ""condicion fiscal"", ""value"": ""Consumidor Final""}, {""name"": ""payment_method"", ""value"": ""transferencia""}, {""name"": ""payment_id"", ""value"": ""--""}, {""name"": ""shipment_type"", ""value"": ""zippin""}, {""name"": ""orden con envio gratis"", ""value"": ""precio $ 11871""}]"
shopify-get-orders,7.3518E+12,2131,mperassolo@prsl.com.ar,,,paid,,432980,,,,,,,,,,,,,,,,,,,,,,,,,,,[]
shopify-get-orders,7.35125E+12,2130,joel.garnica@me.com,,,paid,,234989,,,,,,,,,,,,,,,,,,,,,,,,,,,[]
shopify-get-orders,7.34825E+12,2129,armanosnt@gmail.com,,,paid,,284990,,,,,,,,,,,,,,,,,,,,,efectivo,11191895,Consumidor Final,--,,,"[{""name"": ""numero de identificacion"", ""value"": ""11191895""}, {""name"": ""condicion fiscal"", ""value"": ""Consumidor Final""}, {""name"": ""payment_method"", ""value"": ""efectivo""}, {""name"": ""payment_id"", ""value"": ""--""}]"
shopify-get-orders,7.34823E+12,2128,armanosnt@gmail.com,,,voided,,284990,,,,,,,,,,,,,,,,,,,,,Binance,11191895,Consumidor Final,,,,"[{""name"": ""numero de identificacion"", ""value"": ""11191895""}, {""name"": ""condicion fiscal"", ""value"": ""Consumidor Final""}, {""name"": ""payment_method"", ""value"": ""Binance""}, {""name"": ""Merchant Reference"", ""value"": ""ylet0t772""}]"
shopify-get-orders,7.34678E+12,2127,sebastian73@gmail.com,,,paid,,170999,,,,,,,,,,,,,,,,,,,,,transferencia,23102195,Consumidor Final,--,motomensajería,,"[{""name"": ""numero de identificacion"", ""value"": ""23102195""}, {""name"": ""condicion fiscal"", ""value"": ""Consumidor Final""}, {""name"": ""payment_method"", ""value"": ""transferencia""}, {""name"": ""payment_id"", ""value"": ""--""}, {""name"": ""shipment_type"", ""value"": ""motomensajería""}, {""name"": ""orden con envio gratis"", ""value"": ""precio $ 530""}]"
shopify-get-orders,7.34154E+12,2126,contacto@coodesoft.com.ar,,,voided,,180481,,,,,,,,,,,,,,,,,,,,,transferencia,30717168603,Consumidor Final,--,zippin,,"[{""name"": ""numero de identificacion"", ""value"": ""30717168603""}, {""name"": ""condicion fiscal"", ""value"": ""Consumidor Final""}, {""name"": ""payment_method"", ""value"": ""transferencia""}, {""name"": ""payment_id"", ""value"": ""--""}, {""name"": ""shipment_type"", ""value"": ""zippin""}, {""name"": ""orden con envio gratis"", ""value"": ""precio $ 13190""}]"
shopify-get-orders,7.33654E+12,2125,,,,paid,,122640,,,,,,,,,,,,,,,,,,,,,,,,,,,[]
shopify-get-orders,7.30725E+12,2124,kulturisemillas@gmail.com,,,paid,,204240.5,,,,,,,,,,,,,,,,,,,,,,,,,,,[]
shopify-get-orders,7.30479E+12,2123,,,,paid,,254274,,,,,,,,,,,,,,,,,,,,,,,,,,,[]
shopify-get-orders,7.3034E+12,2122,,,,paid,,170982,,,,,,,,,,,,,,,,,,,,,,,,,,,[]
shopify-get-orders,7.30339E+12,2121,,,,refunded,,180481,,,,,,,,,,,,,,,,,,,,,,,,,,,[]
shopify-get-orders,7.29809E+12,2120,antoniogirazabal@gmail.com,,,paid,,175740,,,,,,,,,,,,,,,,,,,,,transferencia,20247086898,Consumidor Final,--,motomensajería,,"[{""name"": ""numero de identificacion"", ""value"": ""20247086898""}, {""name"": ""condicion fiscal"", ""value"": ""Consumidor Final""}, {""name"": ""payment_method"", ""value"": ""transferencia""}, {""name"": ""payment_id"", ""value"": ""--""}, {""name"": ""shipment_type"", ""value"": ""motomensajería""}, {""name"": ""orden con envio gratis"", ""value"": ""precio $ 842""}]"
shopify-get-orders,7.29597E+12,2119,pabloadiliberti@gmail.com,,,paid,,184990,,,,,,,,,,,,,,,,,,,,,,,,,,,[]
shopify-get-orders,7.29039E+12,2118,ns.nicolas.solari@gmail.com,,,paid,,214990,,,,,,,,,,,,,,,,,,,,,,,,,,,[]
shopify-get-orders,7.28833E+12,2117,uudd01@mail.ru,,,paid,,175740,,,,,,,,,,,,,,,,,,,,,transferencia,20191388314,Consumidor Final,--,zippin,,"[{""name"": ""numero de identificacion"", ""value"": ""20191388314""}, {""name"": ""condicion fiscal"", ""value"": ""Consumidor Final""}, {""name"": ""payment_method"", ""value"": ""transferencia""}, {""name"": ""payment_id"", ""value"": ""--""}, {""name"": ""shipment_type"", ""value"": ""zippin""}, {""name"": ""orden con envio gratis"", ""value"": ""precio $ 8630""}]"
shopify-get-orders,7.28003E+12,2116,leonardo.quatrocchi@hotmail.com,,,paid,,204240.5,,,,,,,,,,,,,,,,,,,,,,,,,,,[]
shopify-get-orders,7.28002E+12,2115,,,,paid,,94999.05,,,,,,,,,,,,,,,,,,,,,,,,,,,[]
shopify-get-orders,7.26734E+12,2114,,,,paid,,119000,,,,,,,,,,,,,,,,,,,,,,,,,,,[]
shopify-get-orders,7.26588E+12,2113,,,,paid,,107671.2,,,,,,,,,,,,,,,,,,,,,,,,,,,[]
shopify-get-orders,7.26004E+12,2112,quimetal@quimetal.com.ar,,,paid,,377991,,,,,,,,,,,,,,,,,,,,,,,,,,,[]
shopify-get-orders,7.25997E+12,2111,fothyb@gmail.com,,,paid,,386982,,,,,,,,,,,,,,,,,,,,,,,,,,,[]
shopify-get-orders,7.25994E+12,2110,omaralvar@yahoo.com,,,paid,,94990,,,,,,,,,,,,,,,,,,,,,,,,,,,[]
shopify-get-orders,7.2573E+12,2109,lidia.vasilev32@gmail.com,,,paid,,175740,,,,,,,,,,,,,,,,,,,,,transferencia,20632719796,Consumidor Final,--,motomensajería,,"[{""name"": ""numero de identificacion"", ""value"": ""20632719796""}, {""name"": ""condicion fiscal"", ""value"": ""Consumidor Final""}, {""name"": ""payment_method"", ""value"": ""transferencia""}, {""name"": ""payment_id"", ""value"": ""--""}, {""name"": ""shipment_type"", ""value"": ""motomensajería""}, {""name"": ""orden con envio gratis"", ""value"": ""precio $ 530""}]"
shopify-get-orders,7.25577E+12,2108,lidia.vasilev32@gmail.com,,,voided,,175740,,,,,,,,,,,,,,,,,,,,,transferencia,20632719796,Consumidor Final,--,motomensajería,,"[{""name"": ""numero de identificacion"", ""value"": ""20632719796""}, {""name"": ""condicion fiscal"", ""value"": ""Consumidor Final""}, {""name"": ""payment_method"", ""value"": ""transferencia""}, {""name"": ""payment_id"", ""value"": ""--""}, {""name"": ""shipment_type"", ""value"": ""motomensajería""}, {""name"": ""orden con envio gratis"", ""value"": ""precio $ 530""}]"
shopify-get-orders,7.25577E+12,2107,lidia.vasilev32@gmail.com,,,voided,,175740,,,,,,,,,,,,,,,,,,,,,transferencia,20632719796,Consumidor Final,--,motomensajería,,"[{""name"": ""numero de identificacion"", ""value"": ""20632719796""}, {""name"": ""condicion fiscal"", ""value"": ""Consumidor Final""}, {""name"": ""payment_method"", ""value"": ""transferencia""}, {""name"": ""payment_id"", ""value"": ""--""}, {""name"": ""shipment_type"", ""value"": ""motomensajería""}, {""name"": ""orden con envio gratis"", ""value"": ""precio $ 530""}]"
shopify-get-orders,7.25323E+12,2106,xsignacio@gmail.com,,,paid,,130615.5,,,,,,,,,,,,,,,,,,,,,,,,,,,[]
shopify-get-orders,7.25272E+12,2105,,,,paid,,868000,,,,,,,,,,,,,,,,,,,,,,,,,,,[]
shopify-get-orders,7.25028E+12,2104,,,,paid,,170000,,,,,,,,,,,,,,,,,,,,,,,,,,,[]
shopify-get-orders,7.25025E+12,2103,slbartomeo@gmail.com,,,paid,,184990,,,,,,,,,,,,,,,,,,,,,Mercado Pago,31289401,Consumidor Final,1.50309E+11,motomensajería,,"[{""name"": ""numero de identificacion"", ""value"": ""31289401""}, {""name"": ""condicion fiscal"", ""value"": ""Consumidor Final""}, {""name"": ""shipmnent_id"", ""value"": ""-""}, {""name"": ""payment_method"", ""value"": ""Mercado Pago""}, {""name"": ""payment_id"", ""value"": ""150308984721""}, {""name"": ""shipment_type"", ""value"": ""motomensajería""}, {""name"": ""shipment_tracking_url"", ""value"": """"}, {""name"": ""Orden con envio gratis"", ""value"": ""Precio $ 530""}]"
shopify-get-orders,7.25025E+12,2102,slbartomeo@gmail.com,,,paid,,184990,,,,,,,,,,,,,,,,,,,,,Mercado Pago,31289401,Consumidor Final,1.50309E+11,motomensajería,,"[{""name"": ""numero de identificacion"", ""value"": ""31289401""}, {""name"": ""condicion fiscal"", ""value"": ""Consumidor Final""}, {""name"": ""shipmnent_id"", ""value"": ""-""}, {""name"": ""payment_method"", ""value"": ""Mercado Pago""}, {""name"": ""payment_id"", ""value"": 150308984721}, {""name"": ""shipment_type"", ""value"": ""motomensajería""}, {""name"": ""shipment_tracking_url"", ""value"": """"}, {""name"": ""orden con envio gratis"", ""value"": ""precio $ 530""}]"
shopify-get-orders,7.24798E+12,2101,gaby_vero@hotmail.com,,,paid,,175740,,,,,,,,,,,,,,,,,,,,,transferencia,32592150,Consumidor Final,--,motomensajería,,"[{""name"": ""numero de identificacion"", ""value"": ""32592150""}, {""name"": ""condicion fiscal"", ""value"": ""Consumidor Final""}, {""name"": ""payment_method"", ""value"": ""transferencia""}, {""name"": ""payment_id"", ""value"": ""--""}, {""name"": ""shipment_type"", ""value"": ""motomensajería""}, {""name"": ""orden con envio gratis"", ""value"": ""precio $ 530""}]"
shopify-get-orders,7.24373E+12,2100,laura.berler@gmail.com,,,paid,,175740,,,,,,,,,,,,,,,,,,,,,transferencia,25787561,Consumidor Final,--,motomensajería,,"[{""name"": ""numero de identificacion"", ""value"": ""25787561""}, {""name"": ""condicion fiscal"", ""value"": ""Consumidor Final""}, {""name"": ""payment_method"", ""value"": ""transferencia""}, {""name"": ""payment_id"", ""value"": ""--""}, {""name"": ""shipment_type"", ""value"": ""motomensajería""}, {""name"": ""orden con envio gratis"", ""value"": ""precio $ 530""}]"
shopify-get-orders,7.24354E+12,2099,,,,paid,,175740.5,,,,,,,,,,,,,,,,,,,,,,,,,,,[]
shopify-get-orders,7.24354E+12,2098,,,,paid,,184990,,,,,,,,,,,,,,,,,,,,,,,,,,,[]
shopify-get-orders,7.23563E+12,2097,matienso12@hotmail.com,,,paid,,204990,,,,,,,,,,,,,,,,,,,,,,,,,,,[]
shopify-get-orders,7.23422E+12,2096,,,,paid,,274980,,,,,,,,,,,,,,,,,,,,,,,,,,,[]
shopify-get-orders,7.23261E+12,2095,el_chico_de_siempre@hotmail.com,,,paid,,170999,,,,,,,,,,,,,,,,,,,,,transferencia,37743180,Consumidor Final,--,zippin,,"[{""name"": ""numero de identificacion"", ""value"": ""37743180""}, {""name"": ""condicion fiscal"", ""value"": ""Consumidor Final""}, {""name"": ""payment_method"", ""value"": ""transferencia""}, {""name"": ""payment_id"", ""value"": ""--""}, {""name"": ""shipment_type"", ""value"": ""zippin""}, {""name"": ""orden con envio gratis"", ""value"": ""precio $ 11974""}]"
shopify-get-orders,7.21649E+12,2094,Jsdangelo@idsa.com.ar,,,paid,,137490,,,,,,,,,,,,,,,,,,,,,,,,,,,[]
shopify-get-orders,7.21646E+12,2093,augustosuppa18@gmail.com,,,paid,,175740.5,,,,,,,,,,,,,,,,,,,,,,,,,,,[]
shopify-get-orders,7.20376E+12,2092,,,,paid,,299990,,,,,,,,,,,,,,,,,,,,,,,,,,,[]
shopify-get-orders,7.20298E+12,2091,ivanpersonal7@gmail.com,,,paid,,175740.5,,,,,,,,,,,,,,,,,,,,,,,,,,,[]
shopify-get-orders,7.19764E+12,2090,,,,paid,,377000,,,,,,,,,,,,,,,,,,,,,,,,,,,[]
shopify-get-orders,7.19586E+12,2089,dogocasares.ap@gmail.com,,,paid,,248298,,,,,,,,,,,,,,,,,,,,,,,,,,,[]
shopify-get-orders,7.19585E+12,2088,,,,paid,,150000,,,,,,,,,,,,,,,,,,,,,,,,,,,[]
shopify-get-orders,7.19583E+12,2087,,,,paid,,150000,,,,,,,,,,,,,,,,,,,,,,,,,,,[]
shopify-get-orders,7.19521E+12,2086,manuel.figueira20@gmail.com,,,voided,,94999,,,,,,,,,,,,,,,,,,,,,transferencia,47201652,Consumidor Final,--,motomensajería,,"[{""name"": ""numero de identificacion"", ""value"": ""47201652""}, {""name"": ""condicion fiscal"", ""value"": ""Consumidor Final""}, {""name"": ""payment_method"", ""value"": ""transferencia""}, {""name"": ""payment_id"", ""value"": ""--""}, {""name"": ""shipment_type"", ""value"": ""motomensajería""}, {""name"": ""orden con envio gratis"", ""value"": ""precio $ 1156""}]"
shopify-get-orders,7.19521E+12,2085,manuel.figueira20@gmail.com,,,paid,,94999,,,,,,,,,,,,,,,,,,,,,transferencia,47201652,Consumidor Final,--,motomensajería,,"[{""name"": ""numero de identificacion"", ""value"": ""47201652""}, {""name"": ""condicion fiscal"", ""value"": ""Consumidor Final""}, {""name"": ""payment_method"", ""value"": ""transferencia""}, {""name"": ""payment_id"", ""value"": ""--""}, {""name"": ""shipment_type"", ""value"": ""motomensajería""}, {""name"": ""orden con envio gratis"", ""value"": ""precio $ 1156""}]"
shopify-get-orders,7.19438E+12,2084,fpvmagiccarpet@gmail.com,,,paid,,284990,,,,,,,,,,,,,,,,,,,,,transferencia,27631358034,Consumidor Final,--,motomensajería,,"[{""name"": ""numero de identificacion"", ""value"": ""27631358034""}, {""name"": ""condicion fiscal"", ""value"": ""Consumidor Final""}, {""name"": ""payment_method"", ""value"": ""transferencia""}, {""name"": ""payment_id"", ""value"": ""--""}, {""name"": ""shipment_type"", ""value"": ""motomensajería""}, {""name"": ""orden con envio gratis"", ""value"": ""precio $ 530""}]"
shopify-get-orders,7.19045E+12,2083,,,,paid,,409980,,,,,,,,,,,,,,,,,,,,,,,,,,,[]
shopify-get-orders,7.19044E+12,2082,juantuc98@gmail.com,,,paid,,249990,,,,,,,,,,,,,,,,,,,,,Mercado Pago,41299818,Consumidor Final,1.47573E+11,zippin,https://app.zipnova.com.ar/track/1CYbAHEYApCrdBoSorZD62,"[{""name"": ""numero de identificacion"", ""value"": ""41299818""}, {""name"": ""condicion fiscal"", ""value"": ""Consumidor Final""}, {""name"": ""shipmnent_id"", ""value"": 25513188}, {""name"": ""payment_method"", ""value"": ""Mercado Pago""}, {""name"": ""payment_id"", ""value"": ""147572541645""}, {""name"": ""shipment_type"", ""value"": ""zippin""}, {""name"": ""shipment_tracking_url"", ""value"": ""https://app.zipnova.com.ar/track/1CYbAHEYApCrdBoSorZD62""}, {""name"": ""Orden con envio gratis"", ""value"": ""Precio $ 11340""}]"
shopify-get-orders,7.19044E+12,2081,juantuc98@gmail.com,,,paid,,249990,,,,,,,,,,,,,,,,,,,,,Mercado Pago,41299818,Consumidor Final,1.47573E+11,zippin,https://app.zipnova.com.ar/track/1CYbAH5YrPhjMEpGESm9dc,"[{""name"": ""numero de identificacion"", ""value"": ""41299818""}, {""name"": ""condicion fiscal"", ""value"": ""Consumidor Final""}, {""name"": ""shipmnent_id"", ""value"": 25513187}, {""name"": ""payment_method"", ""value"": ""Mercado Pago""}, {""name"": ""payment_id"", ""value"": 147572541645}, {""name"": ""shipment_type"", ""value"": ""zippin""}, {""name"": ""shipment_tracking_url"", ""value"": ""https://app.zipnova.com.ar/track/1CYbAH5YrPhjMEpGESm9dc""}, {""name"": ""orden con envio gratis"", ""value"": ""precio $ 11340""}]"
shopify-get-orders,7.18805E+12,2079,MAUROJVELLA@GMAIL.COM,,,paid,,237490,,,,,,,,,,,,,,,,,,,,,Binance,44147623,Consumidor Final,,motomensajería,,"[{""name"": ""numero de identificacion"", ""value"": ""44147623""}, {""name"": ""condicion fiscal"", ""value"": ""Consumidor Final""}, {""name"": ""payment_method"", ""value"": ""Binance""}, {""name"": ""Merchant Reference"", ""value"": ""15cs9qpku""}, {""name"": ""shipment_type"", ""value"": ""motomensajería""}, {""name"": ""orden con envio gratis"", ""value"": ""precio $ 842""}]"
shopify-get-orders,7.18489E+12,2078,santi.arcon@gmail.com,,,paid,,204240,,,,,,,,,,,,,,,,,,,,,transferencia,37969353,Consumidor Final,--,motomensajería,,"[{""name"": ""numero de identificacion"", ""value"": ""37969353""}, {""name"": ""condicion fiscal"", ""value"": ""Consumidor Final""}, {""name"": ""payment_method"", ""value"": ""transferencia""}, {""name"": ""payment_id"", ""value"": ""--""}, {""name"": ""shipment_type"", ""value"": ""motomensajería""}, {""name"": ""orden con envio gratis"", ""value"": ""precio $ 530""}]"
shopify-get-orders,7.1844E+12,2077,,,,paid,,204240.5,,,,,,,,,,,,,,,,,,,,,,,,,,,[]
shopify-get-orders,7.1841E+12,2076,quimetal@quimetal.com.ar,,,paid,,249990,,,,,,,,,,,,,,,,,,,,,,,,,,,[]
shopify-get-orders,7.17441E+12,2075,,,,refunded,,249990,,,,,,,,,,,,,,,,,,,,,,,,,,,[]
shopify-get-orders,7.16609E+12,2074,rodolfodelval@gmail.com,,,voided,,94999,,,,,,,,,,,,,,,,,,,,,transferencia,DNI 10138856,Consumidor Final,--,zippin,,"[{""name"": ""numero de identificacion"", ""value"": ""DNI 10138856""}, {""name"": ""condicion fiscal"", ""value"": ""Consumidor Final""}, {""name"": ""payment_method"", ""value"": ""transferencia""}, {""name"": ""payment_id"", ""value"": ""--""}, {""name"": ""shipment_type"", ""value"": ""zippin""}, {""name"": ""orden con envio gratis"", ""value"": ""precio $ 8630""}]"
shopify-get-orders,7.16609E+12,2073,rodolfodelval@gmail.com,,,paid,,94999,,,,,,,,,,,,,,,,,,,,,transferencia,DNI 10138856,Consumidor Final,--,zippin,,"[{""name"": ""numero de identificacion"", ""value"": ""DNI 10138856""}, {""name"": ""condicion fiscal"", ""value"": ""Consumidor Final""}, {""name"": ""payment_method"", ""value"": ""transferencia""}, {""name"": ""payment_id"", ""value"": ""--""}, {""name"": ""shipment_type"", ""value"": ""zippin""}, {""name"": ""orden con envio gratis"", ""value"": ""precio $ 8630""}]"
shopify-get-orders,7.16599E+12,2072,,,,paid,,112669.22,,,,,,,,,,,,,,,,,,,,,,,,,,,[]
shopify-get-orders,7.16599E+12,2071,,,,paid,,237490.5,,,,,,,,,,,,,,,,,,,,,,,,,,,[]
shopify-get-orders,7.1529E+12,2070,juancastrillodaje@gmail.com,,,paid,,204990,,,,,,,,,,,,,,,,,,,,,,,,,,,[]
shopify-get-orders,7.14992E+12,2069,,,,paid,,175740.5,,,,,,,,,,,,,,,,,,,,,,,,,,,[]
shopify-get-orders,7.13787E+12,2068,,,,paid,,150000,,,,,,,,,,,,,,,,,,,,,,,,,,,[]
shopify-get-orders,7.13599E+12,2067,,,,paid,,112670,,,,,,,,,,,,,,,,,,,,,,,,,,,[]
shopify-get-orders,7.13382E+12,2066,marceloelizalde88@gmail.com,,,paid,,94999,,,,,,,,,,,,,,,,,,,,,Binance,14484365,Consumidor Final,,zippin,https://app.zipnova.com.ar/track/1CXmN1LHZKyZ3Ei7ZjrwgB,"[{""name"": ""numero de identificacion"", ""value"": ""14484365""}, {""name"": ""condicion fiscal"", ""value"": ""Consumidor Final""}, {""name"": ""payment_method"", ""value"": ""Binance""}, {""name"": ""Merchant Reference"", ""value"": ""j2u2uxiuc""}, {""name"": ""shipment_type"", ""value"": ""zippin""}, {""name"": ""orden con envio gratis"", ""value"": ""precio $ 11340""}, {""name"": ""Compressed Zippin Data"", ""value"": ""eJxFkE1PhEAMhv8K6ZkYQJYlnNTEo/HizRgyznShyTBDyrC4S/jvdvZDb+3Tt33brhBOI0IDZxpHcpCCUUFBs4JWzITckoGmyOoUrO9oCqTbW8ddYNiP/nCQ1gn5SBrvgikoZxSb1qClI/IpTkdtFaNpj8rOIspSoIDDBM3nCgtS1wex26XQ3+I8hYVM6CUSrUXX3WODk2YaA3knZr0YLTI5WZS1GJIPxrPn5N0hbF8XcSCnruI1Xqu9iUvuqyKLqwcVYvoyo/NT8kyMk2BN4RSpsnKtRiFODVH3FlPrk1dLZ2VNrBiv5wGd7Ax5WdblY7W7DGbEyMrsL2vdPHwjC6yL4p/iT2AlnwBBY+9d9CmKqirzfb6L3TgosgKHqznevOv6qYuVB+0H2LbtF5tGmno=""}, {""name"": ""shipmnent_id"", ""value"": 25099060}, {""name"": ""shipment_tracking_url"", ""value"": ""https://app.zipnova.com.ar/track/1CXmN1LHZKyZ3Ei7ZjrwgB""}]"
shopify-get-orders,7.13154E+12,2065,,,,paid,,184990,,,,,,,,,,,,,,,,,,,,,,,,,,,[]
shopify-get-orders,7.12928E+12,2064,bennizio183@gmail.com,,,paid,,314991,,,,,,,,,,,,,,,,,,,,,transferencia,20301413794,Consumidor Final,--,zippin,,"[{""name"": ""numero de identificacion"", ""value"": ""20301413794""}, {""name"": ""condicion fiscal"", ""value"": ""Consumidor Final""}, {""name"": ""payment_method"", ""value"": ""transferencia""}, {""name"": ""payment_id"", ""value"": ""--""}, {""name"": ""shipment_type"", ""value"": ""zippin""}, {""name"": ""orden con envio gratis"", ""value"": ""precio $ 9845""}, {""name"": ""discount code"", ""value"": ""5%OFFDEFY""}]"
shopify-get-orders,7.12779E+12,2063,,,,paid,,664981,,,,,,,,,,,,,,,,,,,,,,,,,,,[]
shopify-get-orders,7.12577E+12,2062,vicentevieytes@hotmail.com,,,paid,,175740,,,,,,,,,,,,,,,,,,,,,Binance,43241519,Consumidor Final,,motomensajería,,"[{""name"": ""numero de identificacion"", ""value"": ""43241519""}, {""name"": ""condicion fiscal"", ""value"": ""Consumidor Final""}, {""name"": ""payment_method"", ""value"": ""Binance""}, {""name"": ""Merchant Reference"", ""value"": ""zr5at6j0s""}, {""name"": ""shipment_type"", ""value"": ""motomensajería""}, {""name"": ""orden con envio gratis"", ""value"": ""precio $ 530""}]"
shopify-get-orders,7.12522E+12,2061,,,,paid,,332490.5,,,,,,,,,,,,,,,,,,,,,,,,,,,[]
shopify-get-orders,7.0913E+12,2060,,,,paid,,299990,,,,,,,,,,,,,,,,,,,,,,,,,,,[]
shopify-get-orders,7.09129E+12,2059,,,,paid,,44990,,,,,,,,,,,,,,,,,,,,,,,,,,,[]
shopify-get-orders,7.09039E+12,2058,,,,paid,,540990,,,,,,,,,,,,,,,,,,,,,,,,,,,[]
shopify-get-orders,7.08034E+12,2057,Trescoronas3d@gmail.com,,,paid,,175740.5,,,,,,,,,,,,,,,,,,,,,,,,,,,[]
shopify-get-orders,7.07774E+12,2056,elviocorrenti@hotmail.com,,,paid,,99999,,,,,,,,,,,,,,,,,,,,,Mercado Pago,23407731,Consumidor Final,1.42427E+11,zippin,https://app.zipnova.com.ar/track/1CXNtBcki4dKKX6FTyWBDH,"[{""name"": ""numero de identificacion"", ""value"": ""23407731""}, {""name"": ""condicion fiscal"", ""value"": ""Consumidor Final""}, {""name"": ""shipmnent_id"", ""value"": 24866741}, {""name"": ""payment_method"", ""value"": ""Mercado Pago""}, {""name"": ""payment_id"", ""value"": ""142427007837""}, {""name"": ""shipment_type"", ""value"": ""zippin""}, {""name"": ""shipment_tracking_url"", ""value"": ""https://app.zipnova.com.ar/track/1CXNtBcki4dKKX6FTyWBDH""}, {""name"": ""Orden con envio gratis"", ""value"": ""Precio $ 9845""}]"
shopify-get-orders,7.07762E+12,2055,,,,paid,,940500,,,,,,,,,,,,,,,,,,,,,,,,,,,[]
shopify-get-orders,7.07744E+12,2054,,,,paid,,389997,,,,,,,,,,,,,,,,,,,,,,,,,,,[]
shopify-get-orders,7.07528E+12,2053,martin.peano@gmail.com,,,paid,,94999,,,,,,,,,,,,,,,,,,,,,transferencia,36191982,Consumidor Final,--,motomensajería,,"[{""name"": ""numero de identificacion"", ""value"": ""36191982""}, {""name"": ""condicion fiscal"", ""value"": ""Consumidor Final""}, {""name"": ""payment_method"", ""value"": ""transferencia""}, {""name"": ""payment_id"", ""value"": ""--""}, {""name"": ""shipment_type"", ""value"": ""motomensajería""}, {""name"": ""orden con envio gratis"", ""value"": ""precio $ 530""}]"
shopify-get-orders,7.07523E+12,2052,martin.peano@gmail.com,,,voided,,94999,,,,,,,,,,,,,,,,,,,,,efectivo,36191982,Consumidor Final,--,,,"[{""name"": ""numero de identificacion"", ""value"": ""36191982""}, {""name"": ""condicion fiscal"", ""value"": ""Consumidor Final""}, {""name"": ""payment_method"", ""value"": ""efectivo""}, {""name"": ""payment_id"", ""value"": ""--""}]"
shopify-get-orders,7.07112E+12,2051,,,,paid,,184990,,,,,,,,,,,,,,,,,,,,,,,,,,,[]
shopify-get-orders,7.07103E+12,2050,gabisemorile@gmail.com,,,paid,,314991,,,,,,,,,,,,,,,,,,,,,Binance,43019816,Consumidor Final,,motomensajería,,"[{""name"": ""numero de identificacion"", ""value"": ""43019816""}, {""name"": ""condicion fiscal"", ""value"": ""Consumidor Final""}, {""name"": ""payment_method"", ""value"": ""Binance""}, {""name"": ""Merchant Reference"", ""value"": ""3m8ytjqud""}, {""name"": ""shipment_type"", ""value"": ""motomensajería""}, {""name"": ""orden con envio gratis"", ""value"": ""precio $ 530""}, {""name"": ""discount code"", ""value"": ""DEFY5""}]"
shopify-get-orders,7.06628E+12,2049,zattaraluciano@gmail.com,,,voided,,94999,,,,,,,,,,,,,,,,,,,,,transferencia,35076508,Consumidor Final,--,,,"[{""name"": ""numero de identificacion"", ""value"": ""35076508""}, {""name"": ""condicion fiscal"", ""value"": ""Consumidor Final""}, {""name"": ""payment_method"", ""value"": ""transferencia""}, {""name"": ""payment_id"", ""value"": ""--""}]"
shopify-get-orders,7.06627E+12,2048,zattaraluciano@gmail.com,,,voided,,94999,,,,,,,,,,,,,,,,,,,,,transferencia,35076508,Consumidor Final,--,,,"[{""name"": ""numero de identificacion"", ""value"": ""35076508""}, {""name"": ""condicion fiscal"", ""value"": ""Consumidor Final""}, {""name"": ""payment_method"", ""value"": ""transferencia""}, {""name"": ""payment_id"", ""value"": ""--""}]"
shopify-get-orders,7.06526E+12,2047,tiopeladanipeloncho@gmail.com,,,paid,,85499,,,,,,,,,,,,,,,,,,,,,Binance,23074317,Consumidor Final,,motomensajería,,"[{""name"": ""numero de identificacion"", ""value"": ""23074317""}, {""name"": ""condicion fiscal"", ""value"": ""Consumidor Final""}, {""name"": ""payment_method"", ""value"": ""Binance""}, {""name"": ""Merchant Reference"", ""value"": ""xjmnxqfbj""}, {""name"": ""shipment_type"", ""value"": ""motomensajería""}, {""name"": ""orden con envio gratis"", ""value"": ""precio $ 1156""}]"
shopify-get-orders,7.06484E+12,2046,lucasvrc09@gmail.com,,,paid,,185003.48,,,,,,,,,,,,,,,,,,,,,,,,,,,[]
shopify-get-orders,7.06483E+12,2045,ag.liserra@gmail.com,,,paid,,527221,,,,,,,,,,,,,,,,,,,,,Binance,350168371,Consumidor Final,,motomensajería,,"[{""name"": ""numero de identificacion"", ""value"": ""350168371""}, {""name"": ""condicion fiscal"", ""value"": ""Consumidor Final""}, {""name"": ""payment_method"", ""value"": ""Binance""}, {""name"": ""Merchant Reference"", ""value"": ""sacmg0jxv""}, {""name"": ""shipment_type"", ""value"": ""motomensajería""}, {""name"": ""orden con envio gratis"", ""value"": ""precio $ 842""}]"
shopify-get-orders,7.06475E+12,2044,chastydesign@gmail.com,,,paid,,175740.5,,,,,,,,,,,,,,,,,,,,,,,,,,,[]
shopify-get-orders,7.06314E+12,2043,chastydesign@gmail.com,,,voided,,175740,,,,,,,,,,,,,,,,,,,,,Binance,94653843,Consumidor Final,,motomensajería,,"[{""name"": ""numero de identificacion"", ""value"": ""94653843""}, {""name"": ""condicion fiscal"", ""value"": ""Consumidor Final""}, {""name"": ""payment_method"", ""value"": ""Binance""}, {""name"": ""Merchant Reference"", ""value"": ""a78nr4f6b""}, {""name"": ""shipment_type"", ""value"": ""motomensajería""}, {""name"": ""orden con envio gratis"", ""value"": ""precio $ 530""}]"
shopify-get-orders,7.06314E+12,2042,chastydesign@gmail.com,,,voided,,175740,,,,,,,,,,,,,,,,,,,,,Binance,94653843,Consumidor Final,,motomensajería,,"[{""name"": ""numero de identificacion"", ""value"": ""94653843""}, {""name"": ""condicion fiscal"", ""value"": ""Consumidor Final""}, {""name"": ""payment_method"", ""value"": ""Binance""}, {""name"": ""Merchant Reference"", ""value"": ""o2w7h1e1u""}, {""name"": ""shipment_type"", ""value"": ""motomensajería""}, {""name"": ""orden con envio gratis"", ""value"": ""precio $ 530""}]"
shopify-get-orders,7.06088E+12,2041,chastydesign@gmail.com,,,voided,,175740,,,,,,,,,,,,,,,,,,,,,Binance,94653843,Consumidor Final,,motomensajería,,"[{""name"": ""numero de identificacion"", ""value"": ""94653843""}, {""name"": ""condicion fiscal"", ""value"": ""Consumidor Final""}, {""name"": ""payment_method"", ""value"": ""Binance""}, {""name"": ""Merchant Reference"", ""value"": ""3a4i4msnm""}, {""name"": ""shipment_type"", ""value"": ""motomensajería""}, {""name"": ""orden con envio gratis"", ""value"": ""precio $ 530""}]"
shopify-get-orders,7.05815E+12,2040,alfredo.olivieri@gmail.com,,,paid,,184491,,,,,,,,,,,,,,,,,,,,,,,,,,,[]
shopify-get-orders,7.05489E+12,2039,lutteral98sebastian@gmail.com,,,paid,,184990,,,,,,,,,,,,,,,,,,,,,Mercado Pago,20413349622,Consumidor Final,1.4164E+11,motomensajería,,"[{""name"": ""numero de identificacion"", ""value"": ""20413349622""}, {""name"": ""condicion fiscal"", ""value"": ""Consumidor Final""}, {""name"": ""shipmnent_id"", ""value"": ""-""}, {""name"": ""payment_method"", ""value"": ""Mercado Pago""}, {""name"": ""payment_id"", ""value"": ""141640320470""}, {""name"": ""shipment_type"", ""value"": ""motomensajería""}, {""name"": ""shipment_tracking_url"", ""value"": """"}, {""name"": ""Orden con envio gratis"", ""value"": ""Precio $ 530""}]"
shopify-get-orders,7.05489E+12,2038,lutteral98sebastian@gmail.com,,,paid,,184990,,,,,,,,,,,,,,,,,,,,,Mercado Pago,20413349622,Consumidor Final,1.4164E+11,motomensajería,,"[{""name"": ""numero de identificacion"", ""value"": ""20413349622""}, {""name"": ""condicion fiscal"", ""value"": ""Consumidor Final""}, {""name"": ""shipmnent_id"", ""value"": ""-""}, {""name"": ""payment_method"", ""value"": ""Mercado Pago""}, {""name"": ""payment_id"", ""value"": 141640320470}, {""name"": ""shipment_type"", ""value"": ""motomensajería""}, {""name"": ""shipment_tracking_url"", ""value"": """"}, {""name"": ""orden con envio gratis"", ""value"": ""precio $ 530""}]"
shopify-get-orders,7.0514E+12,2037,carlos_caj@hotmail.com,,,paid,,184990,,,,,,,,,,,,,,,,,,,,,Mercado Pago,25344743,Consumidor Final,1.4145E+11,zippin,https://app.zipnova.com.ar/track/1CWykb6s7w3syp37akBGbt,"[{""name"": ""numero de identificacion"", ""value"": ""25344743""}, {""name"": ""condicion fiscal"", ""value"": ""Consumidor Final""}, {""name"": ""shipmnent_id"", ""value"": 24606686}, {""name"": ""payment_method"", ""value"": ""Mercado Pago""}, {""name"": ""payment_id"", ""value"": ""141450306706""}, {""name"": ""shipment_type"", ""value"": ""zippin""}, {""name"": ""shipment_tracking_url"", ""value"": ""https://app.zipnova.com.ar/track/1CWykb6s7w3syp37akBGbt""}, {""name"": ""Orden con envio gratis"", ""value"": ""Precio $ 9845""}]"
shopify-get-orders,7.04375E+12,2036,lautaroalejandrollanos@gmail.com,,,paid,,284989,,,,,,,,,,,,,,,,,,,,,Mercado Pago,47918197,Consumidor Final,1.41108E+11,zippin,https://app.zipnova.com.ar/track/1CWtytrf3zHJsz669LuRwd,"[{""name"": ""numero de identificacion"", ""value"": ""47918197""}, {""name"": ""condicion fiscal"", ""value"": ""Consumidor Final""}, {""name"": ""shipmnent_id"", ""value"": 24552849}, {""name"": ""payment_method"", ""value"": ""Mercado Pago""}, {""name"": ""payment_id"", ""value"": 141107892174}, {""name"": ""shipment_type"", ""value"": ""zippin""}, {""name"": ""shipment_tracking_url"", ""value"": ""https://app.zipnova.com.ar/track/1CWtytrf3zHJsz669LuRwd""}, {""name"": ""orden con envio gratis"", ""value"": ""precio $ 9845""}]"
shopify-get-orders,7.04375E+12,2035,lautaroalejandrollanos@gmail.com,,,paid,,284989,,,,,,,,,,,,,,,,,,,,,Mercado Pago,47918197,Consumidor Final,1.41108E+11,zippin,https://app.zipnova.com.ar/track/1CWtyt2AXCU5AqnRTNkAA8,"[{""name"": ""numero de identificacion"", ""value"": ""47918197""}, {""name"": ""condicion fiscal"", ""value"": ""Consumidor Final""}, {""name"": ""shipmnent_id"", ""value"": 24552842}, {""name"": ""payment_method"", ""value"": ""Mercado Pago""}, {""name"": ""payment_id"", ""value"": ""141107892174""}, {""name"": ""shipment_type"", ""value"": ""zippin""}, {""name"": ""shipment_tracking_url"", ""value"": ""https://app.zipnova.com.ar/track/1CWtyt2AXCU5AqnRTNkAA8""}, {""name"": ""Orden con envio gratis"", ""value"": ""Precio $ 9845""}]"
shopify-get-orders,7.04375E+12,2034,avilaagustin1979@gmail.com,,,paid,,175740,,,,,,,,,,,,,,,,,,,,,transferencia,20269835185,Consumidor Final,--,zippin,,"[{""name"": ""numero de identificacion"", ""value"": ""20269835185""}, {""name"": ""condicion fiscal"", ""value"": ""Consumidor Final""}, {""name"": ""payment_method"", ""value"": ""transferencia""}, {""name"": ""payment_id"", ""value"": ""--""}, {""name"": ""shipment_type"", ""value"": ""zippin""}, {""name"": ""orden con envio gratis"", ""value"": ""precio $ 11340""}]"
shopify-get-orders,7.04258E+12,2033,Rodridgarcia@gmail.com,,,partially_refunded,,175740,,,,,,,,,,,,,,,,,,,,,transferencia,43084875,Consumidor Final,--,motomensajería,,"[{""name"": ""numero de identificacion"", ""value"": ""43084875""}, {""name"": ""condicion fiscal"", ""value"": ""Consumidor Final""}, {""name"": ""payment_method"", ""value"": ""transferencia""}, {""name"": ""payment_id"", ""value"": ""--""}, {""name"": ""shipment_type"", ""value"": ""motomensajería""}, {""name"": ""orden con envio gratis"", ""value"": ""precio $ 530""}]"
shopify-get-orders,7.04253E+12,2032,mrod@spyro-soft.com,,,paid,,149999,,,,,,,,,,,,,,,,,,,,,Mercado Pago,31381213,Consumidor Final,1.40366E+11,motomensajería,,"[{""name"": ""numero de identificacion"", ""value"": ""31381213""}, {""name"": ""condicion fiscal"", ""value"": ""Consumidor Final""}, {""name"": ""shipmnent_id"", ""value"": ""-""}, {""name"": ""payment_method"", ""value"": ""Mercado Pago""}, {""name"": ""payment_id"", ""value"": ""140365733717""}, {""name"": ""shipment_type"", ""value"": ""motomensajería""}, {""name"": ""shipment_tracking_url"", ""value"": """"}, {""name"": ""Orden con envio gratis"", ""value"": ""Precio $ 1156""}]"
shopify-get-orders,7.04087E+12,2031,octigonma@gmail.com,,,voided,,194740,,,,,,,,,,,,,,,,,,,,,transferencia,20421602043,Consumidor Final,--,zippin,,"[{""name"": ""numero de identificacion"", ""value"": ""20421602043""}, {""name"": ""condicion fiscal"", ""value"": ""Consumidor Final""}, {""name"": ""payment_method"", ""value"": ""transferencia""}, {""name"": ""payment_id"", ""value"": ""--""}, {""name"": ""shipment_type"", ""value"": ""zippin""}, {""name"": ""orden con envio gratis"", ""value"": ""precio $ 9845""}]"
shopify-get-orders,7.038E+12,2030,coincustody.b3l0n@simplelogin.com,,,paid,,427497.15,,,,,,,,,,,,,,,,,,,,,Cripto,41891117,Consumidor Final,,,,"[{""name"": ""numero de identificacion"", ""value"": ""41891117""}, {""name"": ""condicion fiscal"", ""value"": ""Consumidor Final""}, {""name"": ""payment_method"", ""value"": ""Cripto""}, {""name"": ""Merchant Reference"", ""value"": """"}]"
shopify-get-orders-from,7.68544E+12,2231,jeronimo.houlin@gmail.com,jeronimo.houlin@gmail.com,5.41157E+11,paid,,518926.67,ARS,2026-08-13T17:42:00-03:00,200.61.172.50,1.03327E+13,Jeronimo Houlin,Treinta y Tres Orientales 911,"Dejar en porteria a nombre de ""Houlin""",Beccar,Buenos Aires,B1643,Argentina,5.41157E+11,Jeronimo Houlin,Treinta y Tres Orientales 911,"Dejar en porteria a nombre de ""Houlin""",Beccar,Buenos Aires,B1643,Argentina,5.41157E+11,,,,,,,[]
shopify-get-orders-from,7.68506E+12,2228,nicolasparodi146@gmail.com,nicolasparodi146@gmail.com,2216119247,paid,,513940,ARS,2026-08-13T14:53:32-03:00,,1.03323E+13,Nicolas Nicolas,146 e/ 60 y 61,1389,La Plata,Buenos Aires,1900,Argentina,2216119247,Nicolas Nicolas,146 e/ 60 y 61,1389,La Plata,Buenos Aires,,Argentina,,Binance,36907984,Consumidor Final,,zippin,https://app.zipnova.com.ar/track/1Ce1B95Fy5VMgMiR9zhhaY,"[{""name"": ""numero de identificacion"", ""value"": ""36907984""}, {""name"": ""condicion fiscal"", ""value"": ""Consumidor Final""}, {""name"": ""payment_method"", ""value"": ""Binance""}, {""name"": ""Merchant Reference"", ""value"": ""ste3nskk0""}, {""name"": ""shipment_type"", ""value"": ""zippin""}, {""name"": ""orden con envio gratis"", ""value"": ""precio $ 11871""}, {""name"": ""Compressed Zippin Data"", ""value"": ""eJxFkE1OwzAQha9izTqCJK3SpCtgwapC7BGKjD0kIzl25DhNQ5Q7cQZOxrg/sBt/8/zesxcIc4+why/qe7KQgJZBwn4BJb0n9DVp2OdpmYBxDQ2BVH29cRNo73r3+clXB/RHUngTDEFaLb2uNRo6op+jOyojPer6KM3IojQBCtgNsH9bYEJq2sBxWQLtdc7yBCbSoWXMHdA2cSyj06A89YGc5ayWcyY2FpM0BoM4oG7Qi2eDJ1jfz+pAVl7US3ytcjqWzKo0jdWDDPH4NKJ1g3gkjwNjRWFmepDi1cR/ScDKLupeSDkjo0Q7NXZouSpsiirdVeX27OcRI8u2hcB7UaRiFkX2t6nt2H2gj4JNWf1jPAXPtox/vpn2rbMxLs+zIsuqfLtjiJ0kw9BeOvTSO02c89DExZ1yHazr+gtn/JrS""}, {""name"": ""shipmnent_id"", ""value"": 28977967}, {""name"": ""shipment_tracking_url"", ""value"": ""https://app.zipnova.com.ar/track/1Ce1B95Fy5VMgMiR9zhhaY""}]"
shopify-get-orders-from,7.68285E+12,2222,mgaloppo@gmail.com,mgaloppo@gmail.com,1123613387,pending,,517473,ARS,2026-08-12T17:38:31-03:00,,1.03306E+13,Martin Martin,Vuelta de Obligado,2271,Caba - Belgrano,Capital Federal,1428,Argentina,1123613387,Martin Martin,Vuelta de Obligado,2271,Caba - Belgrano,Capital Federal,,Argentina,,efectivo,31032350,Consumidor Final,--,,,"[{""name"": ""numero de identificacion"", ""value"": ""31032350""}, {""name"": ""condicion fiscal"", ""value"": ""Consumidor Final""}, {""name"": ""payment_method"", ""value"": ""efectivo""}, {""name"": ""payment_id"", ""value"": ""--""}, {""name"": ""discount code"", ""value"": ""DEFY5""}]"
shopify-get-orders-from,7.67341E+12,2213,galeanobenjamin20@gmail.com,galeanobenjamin20@gmail.com,1157500042,paid,,214990,ARS,2026-08-08T19:34:43-03:00,,1.0323E+13,Benjamin Galeano Benjamin Galeano,848,2156,San Francisco Solano,Buenos Aires,1881,Argentina,1157500042,Benjamin Galeano Benjamin Galeano,848,2156,San Francisco Solano,Buenos Aires,,Argentina,,Mercado Pago,43323062,Consumidor Final,1.72809E+11,zippin,https://app.zipnova.com.ar/track/1Cdr5Vy3mTbxD5S75symtw,"[{""name"": ""numero de identificacion"", ""value"": ""43323062""}, {""name"": ""condicion fiscal"", ""value"": ""Consumidor Final""}, {""name"": ""shipmnent_id"", ""value"": 28847030}, {""name"": ""payment_method"", ""value"": ""Mercado Pago""}, {""name"": ""payment_id"", ""value"": ""172808666360""}, {""name"": ""shipment_type"", ""value"": ""zippin""}, {""name"": ""shipment_tracking_url"", ""value"": ""https://app.zipnova.com.ar/track/1Cdr5Vy3mTbxD5S75symtw""}, {""name"": ""Orden con envio gratis"", ""value"": ""Precio $ 10406""}]"
shopify-get-orders-from,7.65974E+12,2202,surfer.sat.zion@gmail.com,surfer.sat.zion@gmail.com,1134876999,paid,,166240.5,ARS,2026-08-03T14:40:12-03:00,,1.0312E+13,Luis Luis,Carlos Pellegrini,627,Quilmes,Buenos Aires,1878,Argentina,1134876999,Luis Luis,Carlos Pellegrini,627,Quilmes,Buenos Aires,,Argentina,,Mercado Pago,27816056,Consumidor Final,1.71875E+11,zippin,https://app.zipnova.com.ar/track/1CdgDzrZVwjfaqHBMNhP87,"[{""name"": ""numero de identificacion"", ""value"": ""27816056""}, {""name"": ""condicion fiscal"", ""value"": ""Consumidor Final""}, {""name"": ""shipmnent_id"", ""value"": 28717898}, {""name"": ""payment_method"", ""value"": ""Mercado Pago""}, {""name"": ""payment_id"", ""value"": ""171874634728""}, {""name"": ""shipment_type"", ""value"": ""zippin""}, {""name"": ""shipment_tracking_url"", ""value"": ""https://app.zipnova.com.ar/track/1CdgDzrZVwjfaqHBMNhP87""}, {""name"": ""Orden con envio gratis"", ""value"": ""Precio $ 9487""}]"
shopify-get-orders-from,7.62474E+12,2189,,,,paid,,275400,ARS,2026-07-20T15:55:53-03:00,200.61.172.132,9.98901E+12,Brian Tecspal UY,,,,,,Argentina,,Brian Tecspal UY,,,,,,Argentina,,,,,,,,[]
shopify-get-orders-from,7.6063E+12,2180,alenaantonowa@gmail.com,alenaantonowa@gmail.com,,paid,,174990,ARS,2026-07-13T10:12:38-03:00,,1.02642E+13,,,,,,,,,Alena Alena,Virrey del Pino,2811,C.a.b.a.,Buenos Aires,,Argentina,,Mercado Pago,96390056,Consumidor Final,1.67712E+11,motomensajería,,"[{""name"": ""numero de identificacion"", ""value"": ""96390056""}, {""name"": ""condicion fiscal"", ""value"": ""Consumidor Final""}, {""name"": ""shipmnent_id"", ""value"": ""-""}, {""name"": ""payment_method"", ""value"": ""Mercado Pago""}, {""name"": ""payment_id"", ""value"": 167711775373}, {""name"": ""shipment_type"", ""value"": ""motomensajería""}, {""name"": ""shipment_tracking_url"", ""value"": """"}, {""name"": ""orden con envio gratis"", ""value"": ""precio $ 530""}]"
shopify-get-orders-from,7.46863E+12,2153,gutiduhalde@gmail.com,gutiduhalde@gmail.com,,paid,,214990,ARS,2026-06-01T17:44:10-03:00,,9.41861E+12,,,,,,,,,Gustavo  Gustavo ,Los inmigrantes ,1517,El calafate ,Santa Cruz,,Argentina,,Mercado Pago,20163060362,Consumidor Final,1.6203E+11,zippin,https://app.zipnova.com.ar/track/1CbdC4ymm6nirTuHRBsAzx,"[{""name"": ""numero de identificacion"", ""value"": ""20163060362""}, {""name"": ""condicion fiscal"", ""value"": ""Consumidor Final""}, {""name"": ""shipmnent_id"", ""value"": 27370167}, {""name"": ""payment_method"", ""value"": ""Mercado Pago""}, {""name"": ""payment_id"", ""value"": 162029871514}, {""name"": ""shipment_type"", ""value"": ""zippin""}, {""name"": ""shipment_tracking_url"", ""value"": ""https://app.zipnova.com.ar/track/1CbdC4ymm6nirTuHRBsAzx""}, {""name"": ""orden con envio gratis"", ""value"": ""precio $ 14438""}]"
shopify-get-orders-from,7.44864E+12,2147,arturo.beccarvarela@openzeppelin.com,arturo.beccarvarela@openzeppelin.com,,paid,,189980,ARS,2026-05-27T13:32:45-03:00,,1.01331E+13,,,,,,,,,Arturo Beccar-Varela Arturo Beccar-Varela,Gral. Enrique Martínez ,210,C.a.b.a.,Buenos Aires,,Argentina,,Mercado Pago,37904865,Consumidor Final,1.61236E+11,motomensajería,,"[{""name"": ""numero de identificacion"", ""value"": ""37904865""}, {""name"": ""condicion fiscal"", ""value"": ""Consumidor Final""}, {""name"": ""shipmnent_id"", ""value"": ""-""}, {""name"": ""payment_method"", ""value"": ""Mercado Pago""}, {""name"": ""payment_id"", ""value"": 161236456488}, {""name"": ""shipment_type"", ""value"": ""motomensajería""}, {""name"": ""shipment_tracking_url"", ""value"": """"}, {""name"": ""orden con envio gratis"", ""value"": ""precio $ 530""}]"
shopify-get-orders-from,7.43641E+12,2144,urbanedgar@gmail.com,urbanedgar@gmail.com,,paid,,99990,ARS,2026-05-23T03:33:11-03:00,,1.0111E+13,,,,,,,,,Edgar Alejandro Urban Edgar Alejandro Urban,Ingeniero Luiggi,894,Bahía Blanca,Buenos Aires,,Argentina,,Mercado Pago,32978498,Consumidor Final,1.59858E+11,zippin,https://app.zipnova.com.ar/track/1CbK2tsZ1atsxyNULk1Cn2,"[{""name"": ""numero de identificacion"", ""value"": ""32978498""}, {""name"": ""condicion fiscal"", ""value"": ""Consumidor Final""}, {""name"": ""shipmnent_id"", ""value"": 27133052}, {""name"": ""payment_method"", ""value"": ""Mercado Pago""}, {""name"": ""payment_id"", ""value"": 159858280233}, {""name"": ""shipment_type"", ""value"": ""zippin""}, {""name"": ""shipment_tracking_url"", ""value"": ""https://app.zipnova.com.ar/track/1CbK2tsZ1atsxyNULk1Cn2""}, {""name"": ""orden con envio gratis"", ""value"": ""precio $ 10781""}]"
shopify-get-orders-from,7.39038E+12,2139,daropl12@gmail.com,daropl12@gmail.com,1137594738,paid,,189999,ARS,2026-05-06T22:42:21-03:00,,6.5833E+12,Dario Dario,Almirante Brown 281,2A,Quilmes,Buenos Aires,B1879,Argentina,1137594738,Dario Dario,Almirante Brown,281,Quilmes,Buenos Aires,,Argentina,,Mercado Pago,39293725,Consumidor Final,1.58089E+11,motomensajería,,"[{""name"": ""numero de identificacion"", ""value"": ""39293725""}, {""name"": ""condicion fiscal"", ""value"": ""Consumidor Final""}, {""name"": ""shipmnent_id"", ""value"": ""-""}, {""name"": ""payment_method"", ""value"": ""Mercado Pago""}, {""name"": ""payment_id"", ""value"": ""158088523782""}, {""name"": ""shipment_type"", ""value"": ""motomensajería""}, {""name"": ""shipment_tracking_url"", ""value"": """"}, {""name"": ""Orden con envio gratis"", ""value"": ""Precio $ 1156""}]"
shopify-get-orders-from,7.35378E+12,2134,finance@belo.app,finance@belo.app,5.49114E+12,paid,,569981,ARS,2026-04-22T13:19:26-03:00,,1.0005E+13,Manuel Beaudroit Manuel Beaudroit,Hidalgo,760,C.a.b.a.,Capital Federal,1425,Argentina,5.49114E+12,Manuel Beaudroit Manuel Beaudroit,Hidalgo,760,C.a.b.a.,Capital Federal,,Argentina,,Mercado Pago,30-71724307-9,Consumidor Final,1.55939E+11,motomensajería,,"[{""name"": ""numero de identificacion"", ""value"": ""30-71724307-9""}, {""name"": ""condicion fiscal"", ""value"": ""Consumidor Final""}, {""name"": ""shipmnent_id"", ""value"": ""-""}, {""name"": ""payment_method"", ""value"": ""Mercado Pago""}, {""name"": ""payment_id"", ""value"": ""155938810088""}, {""name"": ""shipment_type"", ""value"": ""motomensajería""}, {""name"": ""shipment_tracking_url"", ""value"": """"}, {""name"": ""Orden con envio gratis"", ""value"": ""Precio $ 530""}]"
shopify-get-orders-from,7.25025E+12,2102,slbartomeo@gmail.com,slbartomeo@gmail.com,,paid,,184990,ARS,2026-03-19T11:38:01-03:00,,9.90219E+12,,,,,,,,,Sergio Bartomeo Sergio Bartomeo,Alvarez Thomas,3036,C.a.b.a.,Capital Federal,,Argentina,,Mercado Pago,31289401,Consumidor Final,1.50309E+11,motomensajería,,"[{""name"": ""numero de identificacion"", ""value"": ""31289401""}, {""name"": ""condicion fiscal"", ""value"": ""Consumidor Final""}, {""name"": ""shipmnent_id"", ""value"": ""-""}, {""name"": ""payment_method"", ""value"": ""Mercado Pago""}, {""name"": ""payment_id"", ""value"": 150308984721}, {""name"": ""shipment_type"", ""value"": ""motomensajería""}, {""name"": ""shipment_tracking_url"", ""value"": """"}, {""name"": ""orden con envio gratis"", ""value"": ""precio $ 530""}]"
shopify-get-orders-from,7.19044E+12,2082,juantuc98@gmail.com,juantuc98@gmail.com,3816131414,paid,,249990,ARS,2026-02-28T18:16:10-03:00,,9.8391E+12,Juan Farber Juan Farber,Rojas Paz,185,Yerba Buena,Tucumán,4107,Argentina,3816131414,Juan Farber Juan Farber,Rojas Paz,185,Yerba Buena,Tucumán,,Argentina,,Mercado Pago,41299818,Consumidor Final,1.47573E+11,zippin,https://app.zipnova.com.ar/track/1CYbAHEYApCrdBoSorZD62,"[{""name"": ""numero de identificacion"", ""value"": ""41299818""}, {""name"": ""condicion fiscal"", ""value"": ""Consumidor Final""}, {""name"": ""shipmnent_id"", ""value"": 25513188}, {""name"": ""payment_method"", ""value"": ""Mercado Pago""}, {""name"": ""payment_id"", ""value"": ""147572541645""}, {""name"": ""shipment_type"", ""value"": ""zippin""}, {""name"": ""shipment_tracking_url"", ""value"": ""https://app.zipnova.com.ar/track/1CYbAHEYApCrdBoSorZD62""}, {""name"": ""Orden con envio gratis"", ""value"": ""Precio $ 11340""}]"
shopify-get-orders-from,7.05489E+12,2039,lutteral98sebastian@gmail.com,lutteral98sebastian@gmail.com,1135869733,paid,,184990,ARS,2026-01-11T20:44:25-03:00,,9.69399E+12,Sebastián  Sebastián ,Cespedes,3249,C.a.b.a.,Buenos Aires,1426,Argentina,1135869733,Sebastián  Sebastián ,Cespedes,3249,C.a.b.a.,Buenos Aires,,Argentina,,Mercado Pago,20413349622,Consumidor Final,1.4164E+11,motomensajería,,"[{""name"": ""numero de identificacion"", ""value"": ""20413349622""}, {""name"": ""condicion fiscal"", ""value"": ""Consumidor Final""}, {""name"": ""shipmnent_id"", ""value"": ""-""}, {""name"": ""payment_method"", ""value"": ""Mercado Pago""}, {""name"": ""payment_id"", ""value"": ""141640320470""}, {""name"": ""shipment_type"", ""value"": ""motomensajería""}, {""name"": ""shipment_tracking_url"", ""value"": """"}, {""name"": ""Orden con envio gratis"", ""value"": ""Precio $ 530""}]"
shopify-get-orders-from,7.04375E+12,2036,lautaroalejandrollanos@gmail.com,lautaroalejandrollanos@gmail.com,,paid,,284989,ARS,2026-01-07T21:41:43-03:00,,9.68515E+12,,,,,,,,,Lautaro Alejandro Llanos Lautaro Alejandro Llanos,Coronel Murga,125,E De Zootecnia B,Tucumán,,Argentina,,Mercado Pago,47918197,Consumidor Final,1.41108E+11,zippin,https://app.zipnova.com.ar/track/1CWtytrf3zHJsz669LuRwd,"[{""name"": ""numero de identificacion"", ""value"": ""47918197""}, {""name"": ""condicion fiscal"", ""value"": ""Consumidor Final""}, {""name"": ""shipmnent_id"", ""value"": 24552849}, {""name"": ""payment_method"", ""value"": ""Mercado Pago""}, {""name"": ""payment_id"", ""value"": 141107892174}, {""name"": ""shipment_type"", ""value"": ""zippin""}, {""name"": ""shipment_tracking_url"", ""value"": ""https://app.zipnova.com.ar/track/1CWtytrf3zHJsz669LuRwd""}, {""name"": ""orden con envio gratis"", ""value"": ""precio $ 9845""}]"
shopify-get-orders-from,7.03651E+12,2029,tomipriotti@hotmail.com,tomipriotti@hotmail.com,3517617762,paid,,149999,ARS,2026-01-04T20:15:39-03:00,,9.67686E+12,Tomas Tomas,Río Bamba ,277,Cordoba,Córdoba,5003,Argentina,3517617762,Tomas Tomas,Río Bamba ,277,Cordoba,Córdoba,,Argentina,,Mercado Pago,29761325,Consumidor Final,1.40013E+11,zippin,https://app.zipnova.com.ar/track/1CWoBuMcBNzj4q7htGnr5R,"[{""name"": ""numero de identificacion"", ""value"": ""29761325""}, {""name"": ""condicion fiscal"", ""value"": ""Consumidor Final""}, {""name"": ""shipmnent_id"", ""value"": 24487553}, {""name"": ""payment_method"", ""value"": ""Mercado Pago""}, {""name"": ""payment_id"", ""value"": ""140013272417""}, {""name"": ""shipment_type"", ""value"": ""zippin""}, {""name"": ""shipment_tracking_url"", ""value"": ""https://app.zipnova.com.ar/track/1CWoBuMcBNzj4q7htGnr5R""}, {""name"": ""Orden con envio gratis"", ""value"": ""Precio $ 9845""}]"
shopify-get-orders-from,7.03482E+12,2026,rubentrinchera@gmail.com,rubentrinchera@gmail.com,,paid,,194999,ARS,2026-01-04T01:24:04-03:00,,9.67331E+12,,,,,,,,,Rubén  Aguilar  Rubén  Aguilar ,Los Álamos,3159,"Fray Luis Beltrán, Maipú.",Mendoza,,Argentina,,Mercado Pago,94858667,Consumidor Final,1.40593E+11,zippin,https://app.zipnova.com.ar/track/1CWmhcZk896bT93DaUNyTV,"[{""name"": ""numero de identificacion"", ""value"": ""94858667""}, {""name"": ""condicion fiscal"", ""value"": ""Consumidor Final""}, {""name"": ""shipmnent_id"", ""value"": 24472141}, {""name"": ""payment_method"", ""value"": ""Mercado Pago""}, {""name"": ""payment_id"", ""value"": 140593455348}, {""name"": ""shipment_type"", ""value"": ""zippin""}, {""name"": ""shipment_tracking_url"", ""value"": ""https://app.zipnova.com.ar/track/1CWmhcZk896bT93DaUNyTV""}, {""name"": ""orden con envio gratis"", ""value"": ""precio $ 11340""}]"
shopify-get-orders-from,7.02575E+12,2022,andipfaffen41@gmail.com,andipfaffen41@gmail.com,,paid,,199999,ARS,2025-12-30T22:27:30-03:00,,9.65965E+12,,,,,,,,,Lilian Andrea Pfaffenzeller Lilian Andrea Pfaffenzeller,Plumerillo casa B7,0,Puerto Rico,Misiones,,Argentina,,Mercado Pago,22587286,Consumidor Final,1.39365E+11,zippin,https://app.zipnova.com.ar/track/1CWdtuzu62vyq2RdeuKGqj,"[{""name"": ""numero de identificacion"", ""value"": ""22587286""}, {""name"": ""condicion fiscal"", ""value"": ""Consumidor Final""}, {""name"": ""shipmnent_id"", ""value"": 24394251}, {""name"": ""payment_method"", ""value"": ""Mercado Pago""}, {""name"": ""payment_id"", ""value"": 139365254265}, {""name"": ""shipment_type"", ""value"": ""zippin""}, {""name"": ""shipment_tracking_url"", ""value"": ""https://app.zipnova.com.ar/track/1CWdtuzu62vyq2RdeuKGqj""}, {""name"": ""orden con envio gratis"", ""value"": ""precio $ 11340""}]"
shopify-get-orders-from,6.99466E+12,2014,alecampeas@gmail.com,alecampeas@gmail.com,,pending,fulfilled,227997,ARS,2025-12-16T12:53:01-03:00,,9.62272E+12,,,,,,,,,alejandro alejandro,san luis,3073,C.a.b.a.,Capital Federal,,Argentina,,efectivo,25146258,Consumidor Final,--,,,"[{""name"": ""numero de identificacion"", ""value"": ""25146258""}, {""name"": ""condicion fiscal"", ""value"": ""Consumidor Final""}, {""name"": ""payment_method"", ""value"": ""efectivo""}, {""name"": ""payment_id"", ""value"": ""--""}]"
shopify-get-orders-from,6.88919E+12,2005,ignacio.chiappe@zaelot.com,ignacio.chiappe@zaelot.com,,paid,,199990,ARS,2025-11-11T16:08:10-03:00,,9.5136E+12,,,,,,,,,Ignacio Chiappe Ignacio Chiappe,Vieytes,79,Martinez,Buenos Aires,,Argentina,,Mercado Pago,23345217819,Consumidor Final,1.3344E+11,motomensajería,,"[{""name"": ""numero de identificacion"", ""value"": ""23345217819""}, {""name"": ""condicion fiscal"", ""value"": ""Consumidor Final""}, {""name"": ""shipmnent_id"", ""value"": ""-""}, {""name"": ""payment_method"", ""value"": ""Mercado Pago""}, {""name"": ""payment_id"", ""value"": 133439577630}, {""name"": ""shipment_type"", ""value"": ""motomensajería""}, {""name"": ""shipment_tracking_url"", ""value"": """"}, {""name"": ""orden con envio gratis"", ""value"": ""precio $ 842""}]"
shopify-get-orders-from,6.84059E+12,1987,kikerafting@gmail.com,kikerafting@gmail.com,,paid,fulfilled,189990,ARS,2025-10-20T20:38:31-03:00,,9.45981E+12,,,,,,,,,Enrique  Enrique ,Quiroga,2,San Rafael,Mendoza,,Argentina,,Mercado Pago,33700216,Consumidor Final,1.30102E+11,zippin,https://app.zipnova.com.ar/track/b4046a5ef1e77261f1519ee49b86d346ab557ef1,"[{""name"": ""numero de identificacion"", ""value"": ""33700216 ""}, {""name"": ""condicion fiscal"", ""value"": ""Consumidor Final""}, {""name"": ""shipmnent_id"", ""value"": 23326970}, {""name"": ""payment_method"", ""value"": ""Mercado Pago""}, {""name"": ""payment_id"", ""value"": 130101626617}, {""name"": ""shipment_type"", ""value"": ""zippin""}, {""name"": ""shipment_tracking_url"", ""value"": ""https://app.zipnova.com.ar/track/b4046a5ef1e77261f1519ee49b86d346ab557ef1""}, {""name"": ""orden con envio gratis"", ""value"": ""precio $ 8755""}]"
shopify-get-orders-from,6.81451E+12,1967,brunoandreotti@hotmail.com,brunoandreotti@hotmail.com,,paid,,92000,ARS,2025-10-08T09:48:55-03:00,,9.42977E+12,,,,,,,,,Bruno Bruno,Pilcomayo ,631,Santa Rosa,La Pampa,,Argentina,,Mercado Pago,30611170137,Consumidor Final,1.29112E+11,zippin,https://app.zipnova.com.ar/track/b6ab8c47766b962007fe6477bf01ff5c45ed6458,"[{""name"": ""numero de identificacion"", ""value"": ""30611170137""}, {""name"": ""condicion fiscal"", ""value"": ""Consumidor Final""}, {""name"": ""shipmnent_id"", ""value"": 23143371}, {""name"": ""payment_method"", ""value"": ""Mercado Pago""}, {""name"": ""payment_id"", ""value"": 129111775214}, {""name"": ""shipment_type"", ""value"": ""zippin""}, {""name"": ""shipment_tracking_url"", ""value"": ""https://app.zipnova.com.ar/track/b6ab8c47766b962007fe6477bf01ff5c45ed6458""}, {""name"": ""orden con envio gratis"", ""value"": ""precio $ 10176""}]"
shopify-get-orders-from,6.69744E+12,1927,victoria_gerhold@hotmail.com,victoria_gerhold@hotmail.com,1131794279,pending,fulfilled,284981,ARS,2025-08-18T14:37:29-03:00,,9.30706E+12,Victoria Casamiquela Gerhold Victoria Casamiquela Gerhold,Junin,879,C.a.b.a.,Buenos Aires,1113,Argentina,1131794279,Victoria Casamiquela Gerhold Victoria Casamiquela Gerhold,Junin,879,C.a.b.a.,Buenos Aires,,Argentina,,transferencia,31794902,Consumidor Final,--,zippin,,"[{""name"": ""numero de identificacion"", ""value"": ""31794902""}, {""name"": ""condicion fiscal"", ""value"": ""Consumidor Final""}, {""name"": ""payment_method"", ""value"": ""transferencia""}, {""name"": ""payment_id"", ""value"": ""--""}, {""name"": ""shipment_type"", ""value"": ""zippin""}, {""name"": ""orden con envio gratis"", ""value"": ""precio $ 7061""}]"
shopify-get-orders-from,6.59131E+12,1904,lautarofernandezpuga@gmail.com,lautarofernandezpuga@gmail.com,2214280086,partially_refunded,fulfilled,142490,ARS,2025-07-12T15:45:20-03:00,,9.22931E+12,Lautaro Fernandez Puga Lautaro Fernandez Puga,Diag 683 ,67,La Plata,Buenos Aires,1900,Argentina,2214280086,Lautaro Fernandez Puga Lautaro Fernandez Puga,Diag 683 ,67,La Plata,Buenos Aires,,Argentina,,transferencia,46201488,Consumidor Final,--,zippin,,"[{""name"": ""numero de identificacion"", ""value"": ""46201488""}, {""name"": ""condicion fiscal"", ""value"": ""Consumidor Final""}, {""name"": ""payment_method"", ""value"": ""transferencia""}, {""name"": ""payment_id"", ""value"": ""--""}, {""name"": ""shipment_type"", ""value"": ""zippin""}, {""name"": ""orden con envio gratis"", ""value"": ""precio $ 7811""}]"
shopify-get-orders-from,6.52076E+12,1882,yagocarvalho.ar@gmail.com,yagocarvalho.ar@gmail.com,1140838645,paid,fulfilled,390440,ARS,2025-06-07T15:49:01-03:00,,9.12735E+12,yago yago,beruti,3737,palermo,Capital Federal,1425,Argentina,1140838645,yago yago,beruti,3737,palermo,Capital Federal,,Argentina,,Binance,96425909,Consumidor Final,,motomensajería,,"[{""name"": ""numero de identificacion"", ""value"": ""96425909""}, {""name"": ""condicion fiscal"", ""value"": ""Consumidor Final""}, {""name"": ""payment_method"", ""value"": ""Binance""}, {""name"": ""Merchant Reference"", ""value"": ""r6qotltjh""}, {""name"": ""shipment_type"", ""value"": ""motomensajería""}, {""name"": ""orden con envio gratis"", ""value"": ""precio $ 530""}]"
shopify-get-orders-from,6.50102E+12,1877,salazarniko2002@gmail.com,salazarniko2002@gmail.com,3813305173,paid,fulfilled,204240.5,ARS,2025-05-28T23:33:54-03:00,,9.08459E+12,Nicolás Nahuel Salazar Nicolás Nahuel Salazar,portela,92,C.a.b.a. (flores),Capital Federal,1406,Argentina,3813305173,Nicolás Nahuel Salazar Nicolás Nahuel Salazar,portela,92,C.a.b.a. (flores),Capital Federal,,Argentina,,Mercado Pago,20441892358,Consumidor Final,1.12688E+11,motomensajería,,"[{""name"": ""numero de identificacion"", ""value"": ""20441892358""}, {""name"": ""condicion fiscal"", ""value"": ""Consumidor Final""}, {""name"": ""shipmnent_id"", ""value"": ""-""}, {""name"": ""payment_method"", ""value"": ""Mercado Pago""}, {""name"": ""payment_id"", ""value"": ""112687591817""}, {""name"": ""shipment_type"", ""value"": ""motomensajería""}, {""name"": ""shipment_tracking_url"", ""value"": """"}, {""name"": ""Orden con envio gratis"", ""value"": ""Precio $ 530""}]"
shopify-get-orders-from,6.49237E+12,1873,dionisioperezbelarra3@gmail.com,dionisioperezbelarra3@gmail.com,,paid,fulfilled,151992,ARS,2025-05-24T18:37:32-03:00,,9.0741E+12,,,,,,,,,Dionisio Perez Dionisio Perez,Santiago del estero,2412,Lanus,Buenos Aires,,Argentina,,Mercado Pago,29551149,Consumidor Final,1.12725E+11,zippin,https://app.zipnova.com.ar/track/ca2e99c64106906a35e312b4dc70912f791f856c,"[{""name"": ""numero de identificacion"", ""value"": ""29551149""}, {""name"": ""condicion fiscal"", ""value"": ""Consumidor Final""}, {""name"": ""shipmnent_id"", ""value"": 18315790}, {""name"": ""payment_method"", ""value"": ""Mercado Pago""}, {""name"": ""payment_id"", ""value"": 112724890484}, {""name"": ""shipment_type"", ""value"": ""zippin""}, {""name"": ""shipment_tracking_url"", ""value"": ""https://app.zipnova.com.ar/track/ca2e99c64106906a35e312b4dc70912f791f856c""}, {""name"": ""orden con envio gratis"", ""value"": ""precio $ 6400""}]"
shopify-get-order-by-id,7.68544E+12,2231,jeronimo.houlin@gmail.com,jeronimo.houlin@gmail.com,5.41157E+11,paid,,518926.67,ARS,2026-08-13T17:42:00-03:00,200.61.172.50,1.03327E+13,Jeronimo Houlin,Treinta y Tres Orientales 911,"Dejar en porteria a nombre de ""Houlin""",Beccar,Buenos Aires,B1643,Argentina,5.41157E+11,Jeronimo Houlin,Treinta y Tres Orientales 911,"Dejar en porteria a nombre de ""Houlin""",Beccar,Buenos Aires,B1643,Argentina,5.41157E+11,,,,,,,[]
shopify-get-order-by-id,7.68529E+12,2230,creaunmundomejor@protonmail.com,creaunmundomejor@protonmail.com,,paid,fulfilled,192486,ARS,2026-08-13T16:31:17-03:00,200.61.172.50,1.03326E+13,Ezequiel Alberto,,,,,,Argentina,,Ezequiel Alberto,,,,,,Argentina,,,,,,,,[]
shopify-get-order-by-id,7.68521E+12,2229,nicolasparodi146@gmail.com,nicolasparodi146@gmail.com,2216119247,paid,fulfilled,79999,ARS,2026-08-13T15:56:25-03:00,200.61.172.50,1.03323E+13,Nicolas Nicolas,146 e/ 60 y 61,1389,La Plata,Buenos Aires,1900,Argentina,2216119247,Nicolas Nicolas,146 e/ 60 y 61,1389,La Plata,Buenos Aires,1900,Argentina,2216119247,,,,,,,[]
shopify-get-order-by-id,7.68506E+12,2228,nicolasparodi146@gmail.com,nicolasparodi146@gmail.com,2216119247,paid,,513940,ARS,2026-08-13T14:53:32-03:00,,1.03323E+13,Nicolas Nicolas,146 e/ 60 y 61,1389,La Plata,Buenos Aires,1900,Argentina,2216119247,Nicolas Nicolas,146 e/ 60 y 61,1389,La Plata,Buenos Aires,,Argentina,,Binance,36907984,Consumidor Final,,zippin,https://app.zipnova.com.ar/track/1Ce1B95Fy5VMgMiR9zhhaY,"[{""name"": ""numero de identificacion"", ""value"": ""36907984""}, {""name"": ""condicion fiscal"", ""value"": ""Consumidor Final""}, {""name"": ""payment_method"", ""value"": ""Binance""}, {""name"": ""Merchant Reference"", ""value"": ""ste3nskk0""}, {""name"": ""shipment_type"", ""value"": ""zippin""}, {""name"": ""orden con envio gratis"", ""value"": ""precio $ 11871""}, {""name"": ""Compressed Zippin Data"", ""value"": ""eJxFkE1OwzAQha9izTqCJK3SpCtgwapC7BGKjD0kIzl25DhNQ5Q7cQZOxrg/sBt/8/zesxcIc4+why/qe7KQgJZBwn4BJb0n9DVp2OdpmYBxDQ2BVH29cRNo73r3+clXB/RHUngTDEFaLb2uNRo6op+jOyojPer6KM3IojQBCtgNsH9bYEJq2sBxWQLtdc7yBCbSoWXMHdA2cSyj06A89YGc5ayWcyY2FpM0BoM4oG7Qi2eDJ1jfz+pAVl7US3ytcjqWzKo0jdWDDPH4NKJ1g3gkjwNjRWFmepDi1cR/ScDKLupeSDkjo0Q7NXZouSpsiirdVeX27OcRI8u2hcB7UaRiFkX2t6nt2H2gj4JNWf1jPAXPtox/vpn2rbMxLs+zIsuqfLtjiJ0kw9BeOvTSO02c89DExZ1yHazr+gtn/JrS""}, {""name"": ""shipmnent_id"", ""value"": 28977967}, {""name"": ""shipment_tracking_url"", ""value"": ""https://app.zipnova.com.ar/track/1Ce1B95Fy5VMgMiR9zhhaY""}]"
shopify-get-order-by-id,7.68494E+12,2227,nicolasparodi146@gmail.com,nicolasparodi146@gmail.com,2216119247,voided,,513940,ARS,2026-08-13T14:05:11-03:00,,1.03323E+13,Nicolas Nicolas,146 e/ 60 y 61,1389,La Plata,Buenos Aires,1900,Argentina,2216119247,Nicolas Nicolas,146 e/ 60 y 61,1389,La Plata,Buenos Aires,,Argentina,,Binance,36907984,Consumidor Final,,zippin,,"[{""name"": ""numero de identificacion"", ""value"": ""36907984""}, {""name"": ""condicion fiscal"", ""value"": ""Consumidor Final""}, {""name"": ""payment_method"", ""value"": ""Binance""}, {""name"": ""Merchant Reference"", ""value"": ""7wydfyq1g""}, {""name"": ""shipment_type"", ""value"": ""zippin""}, {""name"": ""orden con envio gratis"", ""value"": ""precio $ 11871""}, {""name"": ""Compressed Zippin Data"", ""value"": ""eJxFkE1OwzAQha9izTqCJK3SpCtgwapC7BGKjD0kIzl25DhNQ5Q7cQZOxrg/sBt/8/zesxcIc4+why/qe7KQgJZBwn4BJb0n9DVp2OdpmYBxDQ2BVH29cRNo73r3+clXB/RHUngTDEFaLb2uNRo6op+jOyojPer6KM3IojQBCtgNsH9bYEJq2sBxWQLtdc7yBCbSoWXMHdA2cSyj06A89YGc5ayWcyY2FpM0BoM4oG7Qi2eDJ1jfz+pAVl7US3ytcjqWzKo0jdWDDPH4NKJ1g3gkjwNjRWFmepDi1cR/ScDKLupeSDkjo0Q7NXZouSpsiirdVeX27OcRI8u2hcB7UaRiFkX2t6nt2H2gj4JNWf1jPAXPtox/vpn2rbMxLs+zIsuqfLtjiJ0kw9BeOvTSO02c89DExZ1yHazr+gtn/JrS""}]"
shopify-get-order-by-id,7.68493E+12,2226,nicolasparodi146@gmail.com,nicolasparodi146@gmail.com,2216119247,voided,,513940,ARS,2026-08-13T14:01:51-03:00,,1.03323E+13,Nicolas Nicolas,146 e/ 60 y 61,1389,La Plata,Buenos Aires,1900,Argentina,2216119247,Nicolas Nicolas,146 e/ 60 y 61,1389,La Plata,Buenos Aires,,Argentina,,Binance,36907984,Consumidor Final,,zippin,,"[{""name"": ""numero de identificacion"", ""value"": ""36907984""}, {""name"": ""condicion fiscal"", ""value"": ""Consumidor Final""}, {""name"": ""payment_method"", ""value"": ""Binance""}, {""name"": ""Merchant Reference"", ""value"": ""gxb0te0zt""}, {""name"": ""shipment_type"", ""value"": ""zippin""}, {""name"": ""orden con envio gratis"", ""value"": ""precio $ 11871""}, {""name"": ""Compressed Zippin Data"", ""value"": ""eJxFkE1OwzAQha9izTqCJK3SpCtgwapC7BGKjD0kIzl25DhNQ5Q7cQZOxrg/sBt/8/zesxcIc4+why/qe7KQgJZBwn4BJb0n9DVp2OdpmYBxDQ2BVH29cRNo73r3+clXB/RHUngTDEFaLb2uNRo6op+jOyojPer6KM3IojQBCtgNsH9bYEJq2sBxWQLtdc7yBCbSoWXMHdA2cSyj06A89YGc5ayWcyY2FpM0BoM4oG7Qi2eDJ1jfz+pAVl7US3ytcjqWzKo0jdWDDPH4NKJ1g3gkjwNjRWFmepDi1cR/ScDKLupeSDkjo0Q7NXZouSpsiirdVeX27OcRI8u2hcB7UaRiFkX2t6nt2H2gj4JNWf1jPAXPtox/vpn2rbMxLs+zIsuqfLtjiJ0kw9BeOvTSO02c89DExZ1yHazr+gtn/JrS""}]"
shopify-get-order-by-id,7.68493E+12,2225,nicolasparodi146@gmail.com,nicolasparodi146@gmail.com,2216119247,voided,,513940,ARS,2026-08-13T14:01:50-03:00,,1.03323E+13,Nicolas Nicolas,146 e/ 60 y 61,1389,La Plata,Buenos Aires,1900,Argentina,2216119247,Nicolas Nicolas,146 e/ 60 y 61,1389,La Plata,Buenos Aires,,Argentina,,Binance,36907984,Consumidor Final,,zippin,,"[{""name"": ""numero de identificacion"", ""value"": ""36907984""}, {""name"": ""condicion fiscal"", ""value"": ""Consumidor Final""}, {""name"": ""payment_method"", ""value"": ""Binance""}, {""name"": ""Merchant Reference"", ""value"": ""pdq2lveox""}, {""name"": ""shipment_type"", ""value"": ""zippin""}, {""name"": ""orden con envio gratis"", ""value"": ""precio $ 11871""}, {""name"": ""Compressed Zippin Data"", ""value"": ""eJxFkE1OwzAQha9izTqCJK3SpCtgwapC7BGKjD0kIzl25DhNQ5Q7cQZOxrg/sBt/8/zesxcIc4+why/qe7KQgJZBwn4BJb0n9DVp2OdpmYBxDQ2BVH29cRNo73r3+clXB/RHUngTDEFaLb2uNRo6op+jOyojPer6KM3IojQBCtgNsH9bYEJq2sBxWQLtdc7yBCbSoWXMHdA2cSyj06A89YGc5ayWcyY2FpM0BoM4oG7Qi2eDJ1jfz+pAVl7US3ytcjqWzKo0jdWDDPH4NKJ1g3gkjwNjRWFmepDi1cR/ScDKLupeSDkjo0Q7NXZouSpsiirdVeX27OcRI8u2hcB7UaRiFkX2t6nt2H2gj4JNWf1jPAXPtox/vpn2rbMxLs+zIsuqfLtjiJ0kw9BeOvTSO02c89DExZ1yHazr+gtn/JrS""}]"
shopify-get-order-by-id,7.68493E+12,2224,nicolasparodi146@gmail.com,nicolasparodi146@gmail.com,2216119247,voided,,513940,ARS,2026-08-13T14:01:46-03:00,,1.03323E+13,Nicolas Nicolas,146 e/ 60 y 61,1389,La Plata,Buenos Aires,1900,Argentina,2216119247,Nicolas Nicolas,146 e/ 60 y 61,1389,La Plata,Buenos Aires,,Argentina,,Binance,36907984,Consumidor Final,,zippin,,"[{""name"": ""numero de identificacion"", ""value"": ""36907984""}, {""name"": ""condicion fiscal"", ""value"": ""Consumidor Final""}, {""name"": ""payment_method"", ""value"": ""Binance""}, {""name"": ""Merchant Reference"", ""value"": ""8ap451m8c""}, {""name"": ""shipment_type"", ""value"": ""zippin""}, {""name"": ""orden con envio gratis"", ""value"": ""precio $ 11871""}, {""name"": ""Compressed Zippin Data"", ""value"": ""eJxFkE1OwzAQha9izTqCJK3SpCtgwapC7BGKjD0kIzl25DhNQ5Q7cQZOxrg/sBt/8/zesxcIc4+why/qe7KQgJZBwn4BJb0n9DVp2OdpmYBxDQ2BVH29cRNo73r3+clXB/RHUngTDEFaLb2uNRo6op+jOyojPer6KM3IojQBCtgNsH9bYEJq2sBxWQLtdc7yBCbSoWXMHdA2cSyj06A89YGc5ayWcyY2FpM0BoM4oG7Qi2eDJ1jfz+pAVl7US3ytcjqWzKo0jdWDDPH4NKJ1g3gkjwNjRWFmepDi1cR/ScDKLupeSDkjo0Q7NXZouSpsiirdVeX27OcRI8u2hcB7UaRiFkX2t6nt2H2gj4JNWf1jPAXPtox/vpn2rbMxLs+zIsuqfLtjiJ0kw9BeOvTSO02c89DExZ1yHazr+gtn/JrS""}]"
shopify-get-order-by-id,7.68481E+12,2223,judaismo.arg@gmail.com,judaismo.arg@gmail.com,5.41133E+11,paid,fulfilled,166240.5,ARS,2026-08-13T13:14:30-03:00,200.61.172.50,1.03322E+13,rav.Vatslav Karavansky,Bulnes 868,4F,Buenos Aires,,C1192,Argentina,5.41133E+11,rav.Vatslav Karavansky,Bulnes 868,4F,Buenos Aires,,C1192,Argentina,5.41133E+11,,,,,,,[]
shopify-get-order-by-id,7.68285E+12,2222,mgaloppo@gmail.com,mgaloppo@gmail.com,1123613387,pending,,517473,ARS,2026-08-12T17:38:31-03:00,,1.03306E+13,Martin Martin,Vuelta de Obligado,2271,Caba - Belgrano,Capital Federal,1428,Argentina,1123613387,Martin Martin,Vuelta de Obligado,2271,Caba - Belgrano,Capital Federal,,Argentina,,efectivo,31032350,Consumidor Final,--,,,"[{""name"": ""numero de identificacion"", ""value"": ""31032350""}, {""name"": ""condicion fiscal"", ""value"": ""Consumidor Final""}, {""name"": ""payment_method"", ""value"": ""efectivo""}, {""name"": ""payment_id"", ""value"": ""--""}, {""name"": ""discount code"", ""value"": ""DEFY5""}]"
shopify-get-order-by-id,7.68285E+12,2221,mgaloppo@gmail.com,mgaloppo@gmail.com,1123613387,voided,,517473,ARS,2026-08-12T17:38:31-03:00,,1.03306E+13,Martin Martin,Vuelta de Obligado,2271,Caba - Belgrano,Capital Federal,1428,Argentina,1123613387,Martin Martin,Vuelta de Obligado,2271,Caba - Belgrano,Capital Federal,,Argentina,,efectivo,31032350,Consumidor Final,--,,,"[{""name"": ""numero de identificacion"", ""value"": ""31032350""}, {""name"": ""condicion fiscal"", ""value"": ""Consumidor Final""}, {""name"": ""payment_method"", ""value"": ""efectivo""}, {""name"": ""payment_id"", ""value"": ""--""}, {""name"": ""discount code"", ""value"": ""DEFY5""}]"
shopify-get-order-by-id,7.68285E+12,2220,mgaloppo@gmail.com,mgaloppo@gmail.com,1123613387,voided,,517473,ARS,2026-08-12T17:38:29-03:00,,1.03306E+13,Martin Martin,Vuelta de Obligado,2271,Caba - Belgrano,Capital Federal,1428,Argentina,1123613387,Martin Martin,Vuelta de Obligado,2271,Caba - Belgrano,Capital Federal,,Argentina,,efectivo,31032350,Consumidor Final,--,,,"[{""name"": ""numero de identificacion"", ""value"": ""31032350""}, {""name"": ""condicion fiscal"", ""value"": ""Consumidor Final""}, {""name"": ""payment_method"", ""value"": ""efectivo""}, {""name"": ""payment_id"", ""value"": ""--""}, {""name"": ""discount code"", ""value"": ""DEFY5""}]"
shopify-get-order-by-id,7.68285E+12,2219,mgaloppo@gmail.com,mgaloppo@gmail.com,1123613387,voided,,517473,ARS,2026-08-12T17:38:28-03:00,,1.03306E+13,Martin Martin,Vuelta de Obligado,2271,Caba - Belgrano,Capital Federal,1428,Argentina,1123613387,Martin Martin,Vuelta de Obligado,2271,Caba - Belgrano,Capital Federal,,Argentina,,efectivo,31032350,Consumidor Final,--,,,"[{""name"": ""numero de identificacion"", ""value"": ""31032350""}, {""name"": ""condicion fiscal"", ""value"": ""Consumidor Final""}, {""name"": ""payment_method"", ""value"": ""efectivo""}, {""name"": ""payment_id"", ""value"": ""--""}, {""name"": ""discount code"", ""value"": ""DEFY5""}]"
shopify-get-order-by-id,7.68285E+12,2218,mgaloppo@gmail.com,mgaloppo@gmail.com,1123613387,voided,,517473,ARS,2026-08-12T17:38:28-03:00,,1.03306E+13,Martin Martin,Vuelta de Obligado,2271,Caba - Belgrano,Capital Federal,1428,Argentina,1123613387,Martin Martin,Vuelta de Obligado,2271,Caba - Belgrano,Capital Federal,,Argentina,,efectivo,31032350,Consumidor Final,--,,,"[{""name"": ""numero de identificacion"", ""value"": ""31032350""}, {""name"": ""condicion fiscal"", ""value"": ""Consumidor Final""}, {""name"": ""payment_method"", ""value"": ""efectivo""}, {""name"": ""payment_id"", ""value"": ""--""}, {""name"": ""discount code"", ""value"": ""DEFY5""}]"
shopify-get-order-by-id,7.68285E+12,2217,mgaloppo@gmail.com,mgaloppo@gmail.com,1123613387,voided,,517473,ARS,2026-08-12T17:38:26-03:00,,1.03306E+13,Martin Martin,Vuelta de Obligado,2271,Caba - Belgrano,Capital Federal,1428,Argentina,1123613387,Martin Martin,Vuelta de Obligado,2271,Caba - Belgrano,Capital Federal,,Argentina,,efectivo,31032350,Consumidor Final,--,,,"[{""name"": ""numero de identificacion"", ""value"": ""31032350""}, {""name"": ""condicion fiscal"", ""value"": ""Consumidor Final""}, {""name"": ""payment_method"", ""value"": ""efectivo""}, {""name"": ""payment_id"", ""value"": ""--""}, {""name"": ""discount code"", ""value"": ""DEFY5""}]"
shopify-get-order-by-id,7.67816E+12,2216,,,5.49222E+12,paid,fulfilled,337715.6,ARS,2026-08-10T17:25:50-03:00,190.210.193.210,1.03269E+13,Adrover Alejo,Guatemala 5648,Depto 405,Buenos Aires,Ciudad Autónoma de Buenos Aires,C1425,Argentina,,Adrover Alejo,Guatemala 5648,Depto 405,Buenos Aires,Ciudad Autónoma de Buenos Aires,C1425,Argentina,,,,,,,,[]
shopify-get-order-by-id,7.67715E+12,2215,guillermoncicchinelli@gmail.com,guillermoncicchinelli@gmail.com,5.42975E+11,paid,fulfilled,166240.5,ARS,2026-08-10T11:45:06-03:00,190.210.193.210,1.03261E+13,Guillermo Nicolas Cicchinelli,Córdoba 860,,Comodoro Rivadavia,Chubut,U9002,Argentina,5.42975E+11,Guillermo Nicolas Cicchinelli,Córdoba 860,,Comodoro Rivadavia,Chubut,U9002,Argentina,5.42975E+11,,,,,,,[]
shopify-get-order-by-id,7.67341E+12,2214,galeanobenjamin20@gmail.com,galeanobenjamin20@gmail.com,,paid,fulfilled,214990,ARS,2026-08-08T19:34:46-03:00,,1.0323E+13,,,,,,,,,Benjamin Galeano Benjamin Galeano,848,2156,San Francisco Solano,Buenos Aires,,Argentina,,Mercado Pago,43323062,Consumidor Final,1.72809E+11,zippin,https://app.zipnova.com.ar/track/1Cdr5WUNbHt8qZRWzqoQcq,"[{""name"": ""numero de identificacion"", ""value"": ""43323062""}, {""name"": ""condicion fiscal"", ""value"": ""Consumidor Final""}, {""name"": ""shipmnent_id"", ""value"": 28847032}, {""name"": ""payment_method"", ""value"": ""Mercado Pago""}, {""name"": ""payment_id"", ""value"": 172808666360}, {""name"": ""shipment_type"", ""value"": ""zippin""}, {""name"": ""shipment_tracking_url"", ""value"": ""https://app.zipnova.com.ar/track/1Cdr5WUNbHt8qZRWzqoQcq""}, {""name"": ""orden con envio gratis"", ""value"": ""precio $ 10406""}]"
shopify-get-order-by-id,7.67341E+12,2213,galeanobenjamin20@gmail.com,galeanobenjamin20@gmail.com,1157500042,paid,,214990,ARS,2026-08-08T19:34:43-03:00,,1.0323E+13,Benjamin Galeano Benjamin Galeano,848,2156,San Francisco Solano,Buenos Aires,1881,Argentina,1157500042,Benjamin Galeano Benjamin Galeano,848,2156,San Francisco Solano,Buenos Aires,,Argentina,,Mercado Pago,43323062,Consumidor Final,1.72809E+11,zippin,https://app.zipnova.com.ar/track/1Cdr5Vy3mTbxD5S75symtw,"[{""name"": ""numero de identificacion"", ""value"": ""43323062""}, {""name"": ""condicion fiscal"", ""value"": ""Consumidor Final""}, {""name"": ""shipmnent_id"", ""value"": 28847030}, {""name"": ""payment_method"", ""value"": ""Mercado Pago""}, {""name"": ""payment_id"", ""value"": ""172808666360""}, {""name"": ""shipment_type"", ""value"": ""zippin""}, {""name"": ""shipment_tracking_url"", ""value"": ""https://app.zipnova.com.ar/track/1Cdr5Vy3mTbxD5S75symtw""}, {""name"": ""Orden con envio gratis"", ""value"": ""Precio $ 10406""}]"
shopify-get-order-by-id,7.67339E+12,2212,galeanobenjamin20@gmail.com,galeanobenjamin20@gmail.com,1157500042,voided,,204240,ARS,2026-08-08T19:28:29-03:00,,1.0323E+13,Benjamin Galeano Benjamin Galeano,848,2156,San Francisco Solano,Buenos Aires,1881,Argentina,1157500042,Benjamin Galeano Benjamin Galeano,848,2156,San Francisco Solano,Buenos Aires,,Argentina,,Binance,43323062,Consumidor Final,,zippin,,"[{""name"": ""numero de identificacion"", ""value"": ""43323062""}, {""name"": ""condicion fiscal"", ""value"": ""Consumidor Final""}, {""name"": ""payment_method"", ""value"": ""Binance""}, {""name"": ""Merchant Reference"", ""value"": ""pn82tmfmo""}, {""name"": ""shipment_type"", ""value"": ""zippin""}, {""name"": ""orden con envio gratis"", ""value"": ""precio $ 10406""}, {""name"": ""Compressed Zippin Data"", ""value"": ""eJxFkMFugzAMhl8F+YwmoKVDnLYdtgdob9OE3MQFTyFBSShrEe++hLbbzf782/+fzOAvA0ENVx4G1pCCRI9QzyDQWibbsIS6yKoUlGnZeRbNfeMhkNYM5nQKq47smQU9BM6jlmhlI0nxmewlXieh0JJszqjGIMpSYE+9g/pzhom47TzUZaDdvc7LFCaWvgtlwIp0u9bxlBOWB89GB7MuGE3hcjKhUuSTg6WrsckBlq9V6lnjTTrHtwojY8S8qvIY3KOP7dtI2rjklS25gAX7S6B71Mm7RS3YCZPsjUJtwlRjv+6Q/saedfKBim4TacTYkw7pYbvZFJtsV6wmliiyalv9tY0e+yPZQIu83P1j+vEWw69AQENn9Bo2L5/LLMu28Rr1yCrA9uZ6vKcospc2Tp6E6WFZll8H8J42""}]"
shopify-get-order-by-id,7.66973E+12,2211,,,5.41176E+11,paid,fulfilled,194740.5,ARS,2026-08-07T12:23:28-03:00,190.210.193.221,9.96687E+12,Cristobal,Humboldt 1967,,Buenos Aires,Ciudad Autónoma de Buenos Aires,C1414,Argentina,,Cristobal,Humboldt 1967,,Buenos Aires,Ciudad Autónoma de Buenos Aires,C1414,Argentina,,,,,,,,[]
shopify-get-order-by-id,7.66726E+12,2210,ernesto.portas@gmail.com,ernesto.portas@gmail.com,5.41168E+11,paid,fulfilled,174990,ARS,2026-08-06T11:43:29-03:00,190.210.193.221,1.03181E+13,Ernesto Portas,Bauness 1825,Piso 2 Depto 6,Buenos Aires,,C1431,Argentina,5.41168E+11,Ernesto Portas,Bauness 1825,Piso 2 Depto 6,Buenos Aires,,C1431,Argentina,5.41168E+11,,,,,,,[]
shopify-get-order-by-id,7.66722E+12,2209,,,5.41153E+11,paid,fulfilled,513940.5,ARS,2026-08-06T11:20:06-03:00,190.210.193.221,1.03181E+13,TB,,,,,,Argentina,,TB,,,,,,Argentina,,,,,,,,[]
shopify-get-order-by-id,7.66296E+12,2208,,,5.42263E+11,paid,fulfilled,1027881,ARS,2026-08-04T16:31:55-03:00,200.61.172.175,1.03146E+13,M,,,,,,Argentina,,M,,,,,,Argentina,,,,,,,,[]
shopify-get-order-by-id,7.6609E+12,2207,mmm@gmail.com,mmm@gmail.com,2616123456,voided,,204240,ARS,2026-08-03T23:48:40-03:00,,1.03129E+13,mm mm,mmmm,123,Mendoza,Mendoza,5500,Argentina,2616123456,mm mm,mmmm,123,Mendoza,Mendoza,,Argentina,,transferencia,30121345,Consumidor Final,--,zippin,,"[{""name"": ""numero de identificacion"", ""value"": ""30121345""}, {""name"": ""condicion fiscal"", ""value"": ""Consumidor Final""}, {""name"": ""payment_method"", ""value"": ""transferencia""}, {""name"": ""payment_id"", ""value"": ""--""}, {""name"": ""shipment_type"", ""value"": ""zippin""}, {""name"": ""orden con envio gratis"", ""value"": ""precio $ 11306""}]"
shopify-get-order-by-id,7.6609E+12,2206,mmm@gmail.com,mmm@gmail.com,2616123456,voided,,204240,ARS,2026-08-03T23:48:39-03:00,,1.03129E+13,mm mm,mmmm,123,Mendoza,Mendoza,5500,Argentina,2616123456,mm mm,mmmm,123,Mendoza,Mendoza,,Argentina,,transferencia,30121345,Consumidor Final,--,zippin,,"[{""name"": ""numero de identificacion"", ""value"": ""30121345""}, {""name"": ""condicion fiscal"", ""value"": ""Consumidor Final""}, {""name"": ""payment_method"", ""value"": ""transferencia""}, {""name"": ""payment_id"", ""value"": ""--""}, {""name"": ""shipment_type"", ""value"": ""zippin""}, {""name"": ""orden con envio gratis"", ""value"": ""precio $ 11306""}]"
shopify-get-order-by-id,7.6609E+12,2205,mmm@gmail.com,mmm@gmail.com,2616123456,voided,,204240,ARS,2026-08-03T23:48:38-03:00,,1.03129E+13,mm mm,mmmm,123,Mendoza,Mendoza,5500,Argentina,2616123456,mm mm,mmmm,123,Mendoza,Mendoza,,Argentina,,transferencia,30121345,Consumidor Final,--,zippin,,"[{""name"": ""numero de identificacion"", ""value"": ""30121345""}, {""name"": ""condicion fiscal"", ""value"": ""Consumidor Final""}, {""name"": ""payment_method"", ""value"": ""transferencia""}, {""name"": ""payment_id"", ""value"": ""--""}, {""name"": ""shipment_type"", ""value"": ""zippin""}, {""name"": ""orden con envio gratis"", ""value"": ""precio $ 11306""}]"
shopify-get-order-by-id,7.6609E+12,2204,mmm@gmail.com,mmm@gmail.com,2616123456,voided,,204240,ARS,2026-08-03T23:48:37-03:00,,1.03129E+13,mm mm,mmmm,123,Mendoza,Mendoza,5500,Argentina,2616123456,mm mm,mmmm,123,Mendoza,Mendoza,,Argentina,,transferencia,30121345,Consumidor Final,--,zippin,,"[{""name"": ""numero de identificacion"", ""value"": ""30121345""}, {""name"": ""condicion fiscal"", ""value"": ""Consumidor Final""}, {""name"": ""payment_method"", ""value"": ""transferencia""}, {""name"": ""payment_id"", ""value"": ""--""}, {""name"": ""shipment_type"", ""value"": ""zippin""}, {""name"": ""orden con envio gratis"", ""value"": ""precio $ 11306""}]"
shopify-get-order-by-id,7.6603E+12,2203,,,5.41126E+11,paid,fulfilled,540990,ARS,2026-08-03T18:30:17-03:00,200.61.172.175,1.03124E+13,Federico Latcher CryptoPall,Cabello 3486,,Buenos Aires,,C1425,Argentina,5.42804E+11,Federico Latcher CryptoPall,Cabello 3486,,Buenos Aires,,C1425,Argentina,5.42804E+11,,,,,,,[]
shopify-get-order-by-id,7.65974E+12,2202,surfer.sat.zion@gmail.com,surfer.sat.zion@gmail.com,1134876999,paid,,166240.5,ARS,2026-08-03T14:40:12-03:00,,1.0312E+13,Luis Luis,Carlos Pellegrini,627,Quilmes,Buenos Aires,1878,Argentina,1134876999,Luis Luis,Carlos Pellegrini,627,Quilmes,Buenos Aires,,Argentina,,Mercado Pago,27816056,Consumidor Final,1.71875E+11,zippin,https://app.zipnova.com.ar/track/1CdgDzrZVwjfaqHBMNhP87,"[{""name"": ""numero de identificacion"", ""value"": ""27816056""}, {""name"": ""condicion fiscal"", ""value"": ""Consumidor Final""}, {""name"": ""shipmnent_id"", ""value"": 28717898}, {""name"": ""payment_method"", ""value"": ""Mercado Pago""}, {""name"": ""payment_id"", ""value"": ""171874634728""}, {""name"": ""shipment_type"", ""value"": ""zippin""}, {""name"": ""shipment_tracking_url"", ""value"": ""https://app.zipnova.com.ar/track/1CdgDzrZVwjfaqHBMNhP87""}, {""name"": ""Orden con envio gratis"", ""value"": ""Precio $ 9487""}]"
shopify-get-order-by-id,7.65973E+12,2201,surfer.sat.zion@gmail.com,surfer.sat.zion@gmail.com,,paid,fulfilled,166240.5,ARS,2026-08-03T14:40:03-03:00,,1.0312E+13,,,,,,,,,Luis Luis,Carlos Pellegrini,627,Quilmes,Buenos Aires,,Argentina,,Mercado Pago,27816056,Consumidor Final,1.71875E+11,zippin,https://app.zipnova.com.ar/track/1CdgDzLP16Xx9UKbjgJ9jv,"[{""name"": ""numero de identificacion"", ""value"": ""27816056""}, {""name"": ""condicion fiscal"", ""value"": ""Consumidor Final""}, {""name"": ""shipmnent_id"", ""value"": 28717896}, {""name"": ""payment_method"", ""value"": ""Mercado Pago""}, {""name"": ""payment_id"", ""value"": 171874634728}, {""name"": ""shipment_type"", ""value"": ""zippin""}, {""name"": ""shipment_tracking_url"", ""value"": ""https://app.zipnova.com.ar/track/1CdgDzLP16Xx9UKbjgJ9jv""}, {""name"": ""orden con envio gratis"", ""value"": ""precio $ 9487""}]"
shopify-get-order-by-id,7.65776E+12,2200,franrescia@gmail.com,franrescia@gmail.com,1173652132,voided,,513940,ARS,2026-08-02T18:32:43-03:00,,1.03103E+13,Francisco Rescia Francisco Rescia,Av. Corrientes,3916,Caba - Almagro,Capital Federal,1194,Argentina,1173652132,Francisco Rescia Francisco Rescia,Av. Corrientes,3916,Caba - Almagro,Capital Federal,,Argentina,,Binance,96002170,Consumidor Final,,motomensajería,,"[{""name"": ""numero de identificacion"", ""value"": ""96002170""}, {""name"": ""condicion fiscal"", ""value"": ""Consumidor Final""}, {""name"": ""payment_method"", ""value"": ""Binance""}, {""name"": ""Merchant Reference"", ""value"": ""zk2syynna""}, {""name"": ""shipment_type"", ""value"": ""motomensajería""}, {""name"": ""orden con envio gratis"", ""value"": ""precio $ 530""}]"
shopify-get-order-by-id,7.65776E+12,2199,franrescia@gmail.com,franrescia@gmail.com,1173652132,voided,,513940,ARS,2026-08-02T18:32:41-03:00,,1.03103E+13,Francisco Rescia Francisco Rescia,Av. Corrientes,3916,Caba - Almagro,Capital Federal,1194,Argentina,1173652132,Francisco Rescia Francisco Rescia,Av. Corrientes,3916,Caba - Almagro,Capital Federal,,Argentina,,Binance,96002170,Consumidor Final,,motomensajería,,"[{""name"": ""numero de identificacion"", ""value"": ""96002170""}, {""name"": ""condicion fiscal"", ""value"": ""Consumidor Final""}, {""name"": ""payment_method"", ""value"": ""Binance""}, {""name"": ""Merchant Reference"", ""value"": ""igko5r8vb""}, {""name"": ""shipment_type"", ""value"": ""motomensajería""}, {""name"": ""orden con envio gratis"", ""value"": ""precio $ 530""}]"
shopify-get-order-by-id,7.65776E+12,2198,franrescia@gmail.com,franrescia@gmail.com,1173652132,paid,fulfilled,513940,ARS,2026-08-02T18:32:37-03:00,,1.03103E+13,Francisco Rescia Francisco Rescia,Av. Corrientes 3916,Piso 12 Depto A,Buenos Aires,Ciudad Autónoma de Buenos Aires,C1194,Argentina,1173652132,Francisco Rescia Francisco Rescia,Av. Corrientes,3916,Caba - Almagro,Capital Federal,,Argentina,,Binance,96002170,Consumidor Final,,motomensajería,,"[{""name"": ""numero de identificacion"", ""value"": ""96002170""}, {""name"": ""condicion fiscal"", ""value"": ""Consumidor Final""}, {""name"": ""payment_method"", ""value"": ""Binance""}, {""name"": ""Merchant Reference"", ""value"": ""986xpods0""}, {""name"": ""shipment_type"", ""value"": ""motomensajería""}, {""name"": ""orden con envio gratis"", ""value"": ""precio $ 530""}]"
shopify-get-order-by-id,7.65185E+12,2197,cesar_google@hotmail.com,cesar_google@hotmail.com,5.41156E+11,paid,fulfilled,194740.5,ARS,2026-07-31T13:08:47-03:00,200.61.172.175,1.03057E+13,Cesar,French & Agüero,,Buenos Aires,Ciudad Autónoma de Buenos Aires,C1425,Argentina,5.41156E+11,Cesar,French & Agüero,,Buenos Aires,Ciudad Autónoma de Buenos Aires,C1425,Argentina,5.41156E+11,,,,,,,[]
shopify-get-order-by-id,7.64684E+12,2196,,,,paid,fulfilled,860625,ARS,2026-07-29T14:45:13-03:00,200.61.172.175,9.98901E+12,Brian Tecspal UY,,,,,,Argentina,,Brian Tecspal UY,,,,,,Argentina,,,,,,,,[]
shopify-get-order-by-id,7.64677E+12,2195,,,5.49116E+12,paid,fulfilled,394989,ARS,2026-07-29T14:16:47-03:00,200.61.172.175,1.0301E+13,Santiago Kaplan,O'Higgins 2284,20A,Buenos Aires,,C1428,Argentina,,Santiago Kaplan,O'Higgins 2284,20A,Buenos Aires,,C1428,Argentina,,,,,,,,[]
shopify-get-order-by-id,7.64143E+12,2194,,,5.41151E+11,paid,fulfilled,289990,ARS,2026-07-27T11:22:59-03:00,200.61.172.175,1.00512E+13,Bruno Nicolas Limoni,Echeverría 5430,2D,Villa Urquiza,,C1431,Argentina,5.41151E+11,Bruno Nicolas Limoni,Echeverría 5430,2D,Villa Urquiza,,C1431,Argentina,5.41151E+11,,,,,,,[]
shopify-get-order-by-id,7.6347E+12,2193,,,5.49116E+12,paid,fulfilled,975199.5,ARS,2026-07-24T13:26:06-03:00,186.157.79.90,9.74708E+12,Augusto,Avenida General Las Heras 4025,Piso 20 Depto A,Buenos Aires,Ciudad Autónoma de Buenos Aires,C1425,Argentina,5.49116E+12,Augusto,Avenida General Las Heras 4025,Piso 20 Depto A,Buenos Aires,Ciudad Autónoma de Buenos Aires,C1425,Argentina,5.49116E+12,,,,,,,[]
shopify-get-order-by-id,7.63277E+12,2192,,,,paid,fulfilled,524982.5,ARS,2026-07-23T15:57:13-03:00,200.61.172.132,,,,,,,,,,,,,,,,,,,,,,,,[]
shopify-get-order-by-id,7.63262E+12,2191,,,,paid,fulfilled,398981,ARS,2026-07-23T14:51:15-03:00,200.61.172.132,1.02883E+13,Rodrigo,,,,,,Argentina,,Rodrigo,,,,,,Argentina,,,,,,,,[]
shopify-get-order-by-id,7.62684E+12,2190,FRJ15@proton.me,FRJ15@proton.me,,paid,fulfilled,398981,ARS,2026-07-21T13:03:56-03:00,200.61.172.132,1.02837E+13,,,,,,,Argentina,,,,,,,,Argentina,,,,,,,,[]
shopify-get-order-by-id,7.62474E+12,2189,,,,paid,,275400,ARS,2026-07-20T15:55:53-03:00,200.61.172.132,9.98901E+12,Brian Tecspal UY,,,,,,Argentina,,Brian Tecspal UY,,,,,,Argentina,,,,,,,,[]
shopify-get-order-by-id,7.6176E+12,2188,apereyra@lasmarias.com.ar,apereyra@lasmarias.com.ar,5.49116E+12,paid,fulfilled,545317.5,ARS,2026-07-17T17:45:26-03:00,200.61.172.132,1.02748E+13,Ariel Pereyra Establecimiento Las Marias,Gral. Daniel Cerri 1074,,Buenos Aires,,C1168,Argentina,,Ariel Pereyra Establecimiento Las Marias,Gral. Daniel Cerri 1074,,Buenos Aires,,C1168,Argentina,,,,,,,,[]
shopify-get-order-by-id,7.61173E+12,2187,leandropaez2013@gmail.com,leandropaez2013@gmail.com,5.42233E+11,paid,fulfilled,718500,ARS,2026-07-15T11:59:09-03:00,200.61.172.132,1.02688E+13,Leandro Páez,Catamarca 985,Entrepiso C,Mar del Plata,,B7600,Argentina,5.42233E+11,Leandro Páez,Catamarca 985,Entrepiso C,Mar del Plata,,B7600,Argentina,5.42233E+11,,,,,,,[]
shopify-get-order-by-id,7.61015E+12,2186,frodriguezpenelas@gmail.com,frodriguezpenelas@gmail.com,5.41157E+11,paid,fulfilled,180481,ARS,2026-07-14T19:14:20-03:00,,1.02675E+13,Fermin Fermin,Cap gral ramon freire,2232,C.a.b.a.,Buenos Aires,1428,Argentina,5.41157E+11,Fermin Fermin,Cap gral ramon freire,2232,C.a.b.a.,Buenos Aires,,Argentina,,Mercado Pago,39654009,Consumidor Final,1.68825E+11,motomensajería,,"[{""name"": ""numero de identificacion"", ""value"": ""39654009""}, {""name"": ""condicion fiscal"", ""value"": ""Consumidor Final""}, {""name"": ""shipmnent_id"", ""value"": ""-""}, {""name"": ""payment_method"", ""value"": ""Mercado Pago""}, {""name"": ""payment_id"", ""value"": ""168824520080""}, {""name"": ""shipment_type"", ""value"": ""motomensajería""}, {""name"": ""shipment_tracking_url"", ""value"": """"}, {""name"": ""Orden con envio gratis"", ""value"": ""Precio $ 530""}]"
shopify-get-order-by-id,7.61015E+12,2185,frodriguezpenelas@gmail.com,frodriguezpenelas@gmail.com,,paid,fulfilled,180481,ARS,2026-07-14T19:14:11-03:00,,1.02675E+13,Fermin Rodriguez,Cap. Gral. Ramón Freire 2232,2C,Buenos Aires,Ciudad Autónoma de Buenos Aires,C1428,Argentina,,Fermin Fermin,Cap gral ramon freire,2232,C.a.b.a.,Buenos Aires,,Argentina,,Mercado Pago,39654009,Consumidor Final,1.68825E+11,motomensajería,,"[{""name"": ""numero de identificacion"", ""value"": ""39654009""}, {""name"": ""condicion fiscal"", ""value"": ""Consumidor Final""}, {""name"": ""shipmnent_id"", ""value"": ""-""}, {""name"": ""payment_method"", ""value"": ""Mercado Pago""}, {""name"": ""payment_id"", ""value"": 168824520080}, {""name"": ""shipment_type"", ""value"": ""motomensajería""}, {""name"": ""shipment_tracking_url"", ""value"": """"}, {""name"": ""orden con envio gratis"", ""value"": ""precio $ 530""}]"
shopify-get-order-by-id,7.60938E+12,2184,juan.c.cordova@exxonmobil.com,juan.c.cordova@exxonmobil.com,5.41131E+11,paid,fulfilled,1196959.15,ARS,2026-07-14T13:18:13-03:00,200.61.172.132,1.02669E+13,Juan Maurera,Ituzaingó 186,PB,Bernal,Buenos Aires,B1876,Argentina,,Juan Maurera,Ituzaingó 186,PB,Bernal,Buenos Aires,B1876,Argentina,,,,,,,,[]
shopify-get-order-by-id,7.60895E+12,2183,aurinel.jimenez@gmail.com,aurinel.jimenez@gmail.com,5.41123E+11,paid,fulfilled,137490,ARS,2026-07-14T10:32:22-03:00,200.61.172.132,1.02664E+13,Genesis Jimenez,Avenida General San Martín 4550,,Lomas del Mirador,,B1751,Argentina,5.41123E+11,Genesis Jimenez,Avenida General San Martín 4550,,Lomas del Mirador,,B1751,Argentina,5.41123E+11,,,,,,,[]
shopify-get-order-by-id,7.60769E+12,2182,Pfagalde@gmail.com,Pfagalde@gmail.com,,paid,fulfilled,118509,ARS,2026-07-13T20:39:12-03:00,200.61.172.132,1.02653E+13,Patricio Fagalde,,,,,,Argentina,,Patricio Fagalde,,,,,,Argentina,,,,,,,,[]
